-- --------------------------------------------------------
-- Host:                         127.0.0.1
-- Server version:               10.4.27-MariaDB - mariadb.org binary distribution
-- Server OS:                    Win64
-- HeidiSQL Version:             12.3.0.6589
-- --------------------------------------------------------

/*!40101 SET @OLD_CHARACTER_SET_CLIENT=@@CHARACTER_SET_CLIENT */;
/*!40101 SET NAMES utf8 */;
/*!50503 SET NAMES utf8mb4 */;
/*!40103 SET @OLD_TIME_ZONE=@@TIME_ZONE */;
/*!40103 SET TIME_ZONE='+00:00' */;
/*!40014 SET @OLD_FOREIGN_KEY_CHECKS=@@FOREIGN_KEY_CHECKS, FOREIGN_KEY_CHECKS=0 */;
/*!40101 SET @OLD_SQL_MODE=@@SQL_MODE, SQL_MODE='NO_AUTO_VALUE_ON_ZERO' */;
/*!40111 SET @OLD_SQL_NOTES=@@SQL_NOTES, SQL_NOTES=0 */;


-- Dumping database structure for culturify
CREATE DATABASE IF NOT EXISTS `culturify` /*!40100 DEFAULT CHARACTER SET utf8mb4 COLLATE utf8mb4_general_ci */;
USE `culturify`;

-- Dumping structure for table culturify.comments
CREATE TABLE IF NOT EXISTS `comments` (
  `id` bigint(20) unsigned NOT NULL AUTO_INCREMENT,
  `content` text NOT NULL,
  `author_id` bigint(20) unsigned NOT NULL,
  `post_id` bigint(20) unsigned NOT NULL,
  `created_at` timestamp NOT NULL DEFAULT current_timestamp(),
  PRIMARY KEY (`id`),
  KEY `author_id` (`author_id`),
  KEY `post_id` (`post_id`) USING BTREE,
  CONSTRAINT `FK_comments_culturify.posts` FOREIGN KEY (`post_id`) REFERENCES `posts` (`id`),
  CONSTRAINT `comments_ibfk_1` FOREIGN KEY (`author_id`) REFERENCES `users` (`id`)
) ENGINE=InnoDB AUTO_INCREMENT=131 DEFAULT CHARSET=utf8mb4 COLLATE=utf8mb4_general_ci;

-- Dumping data for table culturify.comments: ~130 rows (approximately)
INSERT INTO `comments` (`id`, `content`, `author_id`, `post_id`, `created_at`) VALUES
	(1, 'Quisque id justo sit amet sapien dignissim vestibulum. Vestibulum ante ipsum primis in faucibus orci luctus et ultrices posuere cubilia Curae; Nulla dapibus dolor vel est. Donec odio justo, sollicitudin ut, suscipit a, feugiat et, eros.\r\n\r\nVestibulum ac est lacinia nisi venenatis tristique. Fusce congue, diam id ornare imperdiet, sapien urna pretium nisl, ut volutpat sapien arcu sed augue. Aliquam erat volutpat.', 1, 64, '2022-10-27 03:00:00'),
	(2, 'Nullam sit amet turpis elementum ligula vehicula consequat. Morbi a ipsum. Integer a nibh.', 5, 22, '2021-06-25 03:00:00'),
	(3, 'Quisque porta volutpat erat. Quisque erat eros, viverra eget, congue eget, semper rutrum, nulla. Nunc purus.\r\n\r\nPhasellus in felis. Donec semper sapien a libero. Nam dui.', 7, 31, '2021-12-10 03:00:00'),
	(4, 'Integer tincidunt ante vel ipsum. Praesent blandit lacinia erat. Vestibulum sed magna at nunc commodo placerat.', 8, 23, '2022-04-11 03:00:00'),
	(5, 'In hac habitasse platea dictumst. Etiam faucibus cursus urna. Ut tellus.', 9, 43, '2022-07-20 03:00:00'),
	(6, 'Vestibulum quam sapien, varius ut, blandit non, interdum in, ante. Vestibulum ante ipsum primis in faucibus orci luctus et ultrices posuere cubilia Curae; Duis faucibus accumsan odio. Curabitur convallis.\r\n\r\nDuis consequat dui nec nisi volutpat eleifend. Donec ut dolor. Morbi vel lectus in quam fringilla rhoncus.', 2, 13, '2022-12-03 03:00:00'),
	(7, 'Nulla ut erat id mauris vulputate elementum. Nullam varius. Nulla facilisi.', 11, 25, '2020-12-20 03:00:00'),
	(8, 'Duis consequat dui nec nisi volutpat eleifend. Donec ut dolor. Morbi vel lectus in quam fringilla rhoncus.', 6, 85, '2022-01-29 03:00:00'),
	(9, 'In congue. Etiam justo. Etiam pretium iaculis justo.', 7, 3, '2021-06-28 03:00:00'),
	(10, 'Phasellus sit amet erat. Nulla tempus. Vivamus in felis eu sapien cursus vestibulum.', 11, 51, '2021-03-17 03:00:00'),
	(11, 'Vestibulum ac est lacinia nisi venenatis tristique. Fusce congue, diam id ornare imperdiet, sapien urna pretium nisl, ut volutpat sapien arcu sed augue. Aliquam erat volutpat.\r\n\r\nIn congue. Etiam justo. Etiam pretium iaculis justo.', 5, 45, '2021-07-30 03:00:00'),
	(12, 'In quis justo. Maecenas rhoncus aliquam lacus. Morbi quis tortor id nulla ultrices aliquet.\r\n\r\nMaecenas leo odio, condimentum id, luctus nec, molestie sed, justo. Pellentesque viverra pede ac diam. Cras pellentesque volutpat dui.\r\n\r\nMaecenas tristique, est et tempus semper, est quam pharetra magna, ac consequat metus sapien ut nunc. Vestibulum ante ipsum primis in faucibus orci luctus et ultrices posuere cubilia Curae; Mauris viverra diam vitae quam. Suspendisse potenti.', 4, 90, '2021-04-06 03:00:00'),
	(13, 'In hac habitasse platea dictumst. Morbi vestibulum, velit id pretium iaculis, diam erat fermentum justo, nec condimentum neque sapien placerat ante. Nulla justo.\r\n\r\nAliquam quis turpis eget elit sodales scelerisque. Mauris sit amet eros. Suspendisse accumsan tortor quis turpis.\r\n\r\nSed ante. Vivamus tortor. Duis mattis egestas metus.', 5, 86, '2021-08-02 03:00:00'),
	(14, 'Aliquam quis turpis eget elit sodales scelerisque. Mauris sit amet eros. Suspendisse accumsan tortor quis turpis.\r\n\r\nSed ante. Vivamus tortor. Duis mattis egestas metus.\r\n\r\nAenean fermentum. Donec ut mauris eget massa tempor convallis. Nulla neque libero, convallis eget, eleifend luctus, ultricies eu, nibh.', 1, 51, '2021-02-19 03:00:00'),
	(15, 'In congue. Etiam justo. Etiam pretium iaculis justo.\r\n\r\nIn hac habitasse platea dictumst. Etiam faucibus cursus urna. Ut tellus.', 10, 88, '2020-12-05 03:00:00'),
	(16, 'In quis justo. Maecenas rhoncus aliquam lacus. Morbi quis tortor id nulla ultrices aliquet.', 3, 1, '2021-03-27 03:00:00'),
	(17, 'Integer tincidunt ante vel ipsum. Praesent blandit lacinia erat. Vestibulum sed magna at nunc commodo placerat.', 7, 46, '2020-05-24 03:00:00'),
	(18, 'Vestibulum quam sapien, varius ut, blandit non, interdum in, ante. Vestibulum ante ipsum primis in faucibus orci luctus et ultrices posuere cubilia Curae; Duis faucibus accumsan odio. Curabitur convallis.\r\n\r\nDuis consequat dui nec nisi volutpat eleifend. Donec ut dolor. Morbi vel lectus in quam fringilla rhoncus.', 10, 92, '2021-04-07 03:00:00'),
	(19, 'Proin leo odio, porttitor id, consequat in, consequat ut, nulla. Sed accumsan felis. Ut at dolor quis odio consequat varius.', 10, 51, '2022-02-22 03:00:00'),
	(20, 'Nulla ut erat id mauris vulputate elementum. Nullam varius. Nulla facilisi.\r\n\r\nCras non velit nec nisi vulputate nonummy. Maecenas tincidunt lacus at velit. Vivamus vel nulla eget eros elementum pellentesque.\r\n\r\nQuisque porta volutpat erat. Quisque erat eros, viverra eget, congue eget, semper rutrum, nulla. Nunc purus.', 9, 74, '2020-12-08 03:00:00'),
	(21, 'In sagittis dui vel nisl. Duis ac nibh. Fusce lacus purus, aliquet at, feugiat non, pretium quis, lectus.', 5, 69, '2021-03-29 03:00:00'),
	(22, 'Duis consequat dui nec nisi volutpat eleifend. Donec ut dolor. Morbi vel lectus in quam fringilla rhoncus.\r\n\r\nMauris enim leo, rhoncus sed, vestibulum sit amet, cursus id, turpis. Integer aliquet, massa id lobortis convallis, tortor risus dapibus augue, vel accumsan tellus nisi eu orci. Mauris lacinia sapien quis libero.\r\n\r\nNullam sit amet turpis elementum ligula vehicula consequat. Morbi a ipsum. Integer a nibh.', 7, 69, '2020-05-26 03:00:00'),
	(23, 'In congue. Etiam justo. Etiam pretium iaculis justo.\r\n\r\nIn hac habitasse platea dictumst. Etiam faucibus cursus urna. Ut tellus.\r\n\r\nNulla ut erat id mauris vulputate elementum. Nullam varius. Nulla facilisi.', 7, 68, '2021-04-12 03:00:00'),
	(24, 'Duis bibendum. Morbi non quam nec dui luctus rutrum. Nulla tellus.', 2, 26, '2022-03-14 03:00:00'),
	(25, 'Sed sagittis. Nam congue, risus semper porta volutpat, quam pede lobortis ligula, sit amet eleifend pede libero quis orci. Nullam molestie nibh in lectus.\r\n\r\nPellentesque at nulla. Suspendisse potenti. Cras in purus eu magna vulputate luctus.\r\n\r\nCum sociis natoque penatibus et magnis dis parturient montes, nascetur ridiculus mus. Vivamus vestibulum sagittis sapien. Cum sociis natoque penatibus et magnis dis parturient montes, nascetur ridiculus mus.', 4, 44, '2021-02-28 03:00:00'),
	(26, 'In hac habitasse platea dictumst. Morbi vestibulum, velit id pretium iaculis, diam erat fermentum justo, nec condimentum neque sapien placerat ante. Nulla justo.\r\n\r\nAliquam quis turpis eget elit sodales scelerisque. Mauris sit amet eros. Suspendisse accumsan tortor quis turpis.\r\n\r\nSed ante. Vivamus tortor. Duis mattis egestas metus.', 2, 89, '2022-03-18 03:00:00'),
	(27, 'Cras non velit nec nisi vulputate nonummy. Maecenas tincidunt lacus at velit. Vivamus vel nulla eget eros elementum pellentesque.\r\n\r\nQuisque porta volutpat erat. Quisque erat eros, viverra eget, congue eget, semper rutrum, nulla. Nunc purus.\r\n\r\nPhasellus in felis. Donec semper sapien a libero. Nam dui.', 4, 62, '2021-07-25 03:00:00'),
	(28, 'Nulla ut erat id mauris vulputate elementum. Nullam varius. Nulla facilisi.', 2, 99, '2021-03-14 03:00:00'),
	(29, 'Donec diam neque, vestibulum eget, vulputate ut, ultrices vel, augue. Vestibulum ante ipsum primis in faucibus orci luctus et ultrices posuere cubilia Curae; Donec pharetra, magna vestibulum aliquet ultrices, erat tortor sollicitudin mi, sit amet lobortis sapien sapien non mi. Integer ac neque.', 11, 94, '2021-04-19 03:00:00'),
	(30, 'Duis consequat dui nec nisi volutpat eleifend. Donec ut dolor. Morbi vel lectus in quam fringilla rhoncus.\r\n\r\nMauris enim leo, rhoncus sed, vestibulum sit amet, cursus id, turpis. Integer aliquet, massa id lobortis convallis, tortor risus dapibus augue, vel accumsan tellus nisi eu orci. Mauris lacinia sapien quis libero.', 1, 73, '2022-11-24 03:00:00'),
	(31, 'Etiam vel augue. Vestibulum rutrum rutrum neque. Aenean auctor gravida sem.\r\n\r\nPraesent id massa id nisl venenatis lacinia. Aenean sit amet justo. Morbi ut odio.', 11, 48, '2021-08-08 03:00:00'),
	(32, 'Vestibulum quam sapien, varius ut, blandit non, interdum in, ante. Vestibulum ante ipsum primis in faucibus orci luctus et ultrices posuere cubilia Curae; Duis faucibus accumsan odio. Curabitur convallis.\r\n\r\nDuis consequat dui nec nisi volutpat eleifend. Donec ut dolor. Morbi vel lectus in quam fringilla rhoncus.', 8, 3, '2022-04-26 03:00:00'),
	(33, 'Integer tincidunt ante vel ipsum. Praesent blandit lacinia erat. Vestibulum sed magna at nunc commodo placerat.\r\n\r\nPraesent blandit. Nam nulla. Integer pede justo, lacinia eget, tincidunt eget, tempus vel, pede.', 3, 5, '2020-10-11 03:00:00'),
	(34, 'Pellentesque at nulla. Suspendisse potenti. Cras in purus eu magna vulputate luctus.\r\n\r\nCum sociis natoque penatibus et magnis dis parturient montes, nascetur ridiculus mus. Vivamus vestibulum sagittis sapien. Cum sociis natoque penatibus et magnis dis parturient montes, nascetur ridiculus mus.', 7, 80, '2022-12-08 03:00:00'),
	(35, 'Morbi porttitor lorem id ligula. Suspendisse ornare consequat lectus. In est risus, auctor sed, tristique in, tempus sit amet, sem.\r\n\r\nFusce consequat. Nulla nisl. Nunc nisl.', 9, 6, '2020-05-08 03:00:00'),
	(36, 'Maecenas leo odio, condimentum id, luctus nec, molestie sed, justo. Pellentesque viverra pede ac diam. Cras pellentesque volutpat dui.\r\n\r\nMaecenas tristique, est et tempus semper, est quam pharetra magna, ac consequat metus sapien ut nunc. Vestibulum ante ipsum primis in faucibus orci luctus et ultrices posuere cubilia Curae; Mauris viverra diam vitae quam. Suspendisse potenti.\r\n\r\nNullam porttitor lacus at turpis. Donec posuere metus vitae ipsum. Aliquam non mauris.', 9, 52, '2021-12-13 03:00:00'),
	(37, 'Duis bibendum, felis sed interdum venenatis, turpis enim blandit mi, in porttitor pede justo eu massa. Donec dapibus. Duis at velit eu est congue elementum.\r\n\r\nIn hac habitasse platea dictumst. Morbi vestibulum, velit id pretium iaculis, diam erat fermentum justo, nec condimentum neque sapien placerat ante. Nulla justo.\r\n\r\nAliquam quis turpis eget elit sodales scelerisque. Mauris sit amet eros. Suspendisse accumsan tortor quis turpis.', 1, 89, '2022-09-14 03:00:00'),
	(38, 'Integer tincidunt ante vel ipsum. Praesent blandit lacinia erat. Vestibulum sed magna at nunc commodo placerat.\r\n\r\nPraesent blandit. Nam nulla. Integer pede justo, lacinia eget, tincidunt eget, tempus vel, pede.', 2, 64, '2021-09-01 03:00:00'),
	(39, 'Morbi non lectus. Aliquam sit amet diam in magna bibendum imperdiet. Nullam orci pede, venenatis non, sodales sed, tincidunt eu, felis.\r\n\r\nFusce posuere felis sed lacus. Morbi sem mauris, laoreet ut, rhoncus aliquet, pulvinar sed, nisl. Nunc rhoncus dui vel sem.\r\n\r\nSed sagittis. Nam congue, risus semper porta volutpat, quam pede lobortis ligula, sit amet eleifend pede libero quis orci. Nullam molestie nibh in lectus.', 3, 78, '2020-03-25 03:00:00'),
	(40, 'Proin eu mi. Nulla ac enim. In tempor, turpis nec euismod scelerisque, quam turpis adipiscing lorem, vitae mattis nibh ligula nec sem.\r\n\r\nDuis aliquam convallis nunc. Proin at turpis a pede posuere nonummy. Integer non velit.\r\n\r\nDonec diam neque, vestibulum eget, vulputate ut, ultrices vel, augue. Vestibulum ante ipsum primis in faucibus orci luctus et ultrices posuere cubilia Curae; Donec pharetra, magna vestibulum aliquet ultrices, erat tortor sollicitudin mi, sit amet lobortis sapien sapien non mi. Integer ac neque.', 2, 82, '2022-02-25 03:00:00'),
	(41, 'In hac habitasse platea dictumst. Etiam faucibus cursus urna. Ut tellus.\r\n\r\nNulla ut erat id mauris vulputate elementum. Nullam varius. Nulla facilisi.', 5, 33, '2021-01-25 03:00:00'),
	(42, 'Vestibulum quam sapien, varius ut, blandit non, interdum in, ante. Vestibulum ante ipsum primis in faucibus orci luctus et ultrices posuere cubilia Curae; Duis faucibus accumsan odio. Curabitur convallis.', 5, 54, '2021-11-20 03:00:00'),
	(43, 'Proin interdum mauris non ligula pellentesque ultrices. Phasellus id sapien in sapien iaculis congue. Vivamus metus arcu, adipiscing molestie, hendrerit at, vulputate vitae, nisl.\r\n\r\nAenean lectus. Pellentesque eget nunc. Donec quis orci eget orci vehicula condimentum.', 5, 91, '2020-03-25 03:00:00'),
	(44, 'Fusce consequat. Nulla nisl. Nunc nisl.\r\n\r\nDuis bibendum, felis sed interdum venenatis, turpis enim blandit mi, in porttitor pede justo eu massa. Donec dapibus. Duis at velit eu est congue elementum.', 5, 67, '2021-06-29 03:00:00'),
	(45, 'Curabitur at ipsum ac tellus semper interdum. Mauris ullamcorper purus sit amet nulla. Quisque arcu libero, rutrum ac, lobortis vel, dapibus at, diam.', 5, 82, '2020-10-09 03:00:00'),
	(46, 'Maecenas ut massa quis augue luctus tincidunt. Nulla mollis molestie lorem. Quisque ut erat.\r\n\r\nCurabitur gravida nisi at nibh. In hac habitasse platea dictumst. Aliquam augue quam, sollicitudin vitae, consectetuer eget, rutrum at, lorem.\r\n\r\nInteger tincidunt ante vel ipsum. Praesent blandit lacinia erat. Vestibulum sed magna at nunc commodo placerat.', 2, 85, '2022-05-22 03:00:00'),
	(47, 'Proin leo odio, porttitor id, consequat in, consequat ut, nulla. Sed accumsan felis. Ut at dolor quis odio consequat varius.\r\n\r\nInteger ac leo. Pellentesque ultrices mattis odio. Donec vitae nisi.', 3, 6, '2020-08-19 03:00:00'),
	(48, 'Duis bibendum. Morbi non quam nec dui luctus rutrum. Nulla tellus.\r\n\r\nIn sagittis dui vel nisl. Duis ac nibh. Fusce lacus purus, aliquet at, feugiat non, pretium quis, lectus.', 11, 53, '2021-12-29 03:00:00'),
	(49, 'Nullam porttitor lacus at turpis. Donec posuere metus vitae ipsum. Aliquam non mauris.\r\n\r\nMorbi non lectus. Aliquam sit amet diam in magna bibendum imperdiet. Nullam orci pede, venenatis non, sodales sed, tincidunt eu, felis.', 7, 91, '2022-01-29 03:00:00'),
	(50, 'Etiam vel augue. Vestibulum rutrum rutrum neque. Aenean auctor gravida sem.\r\n\r\nPraesent id massa id nisl venenatis lacinia. Aenean sit amet justo. Morbi ut odio.', 4, 55, '2021-05-31 03:00:00'),
	(51, 'Cras mi pede, malesuada in, imperdiet et, commodo vulputate, justo. In blandit ultrices enim. Lorem ipsum dolor sit amet, consectetuer adipiscing elit.', 3, 3, '2020-10-29 03:00:00'),
	(52, 'Vestibulum quam sapien, varius ut, blandit non, interdum in, ante. Vestibulum ante ipsum primis in faucibus orci luctus et ultrices posuere cubilia Curae; Duis faucibus accumsan odio. Curabitur convallis.\r\n\r\nDuis consequat dui nec nisi volutpat eleifend. Donec ut dolor. Morbi vel lectus in quam fringilla rhoncus.', 11, 92, '2022-11-22 03:00:00'),
	(53, 'Proin leo odio, porttitor id, consequat in, consequat ut, nulla. Sed accumsan felis. Ut at dolor quis odio consequat varius.\r\n\r\nInteger ac leo. Pellentesque ultrices mattis odio. Donec vitae nisi.\r\n\r\nNam ultrices, libero non mattis pulvinar, nulla pede ullamcorper augue, a suscipit nulla elit ac nulla. Sed vel enim sit amet nunc viverra dapibus. Nulla suscipit ligula in lacus.', 5, 27, '2022-12-28 03:00:00'),
	(54, 'Aenean lectus. Pellentesque eget nunc. Donec quis orci eget orci vehicula condimentum.\r\n\r\nCurabitur in libero ut massa volutpat convallis. Morbi odio odio, elementum eu, interdum eu, tincidunt in, leo. Maecenas pulvinar lobortis est.\r\n\r\nPhasellus sit amet erat. Nulla tempus. Vivamus in felis eu sapien cursus vestibulum.', 5, 71, '2020-04-12 03:00:00'),
	(55, 'Quisque id justo sit amet sapien dignissim vestibulum. Vestibulum ante ipsum primis in faucibus orci luctus et ultrices posuere cubilia Curae; Nulla dapibus dolor vel est. Donec odio justo, sollicitudin ut, suscipit a, feugiat et, eros.', 8, 35, '2021-06-05 03:00:00'),
	(56, 'Sed sagittis. Nam congue, risus semper porta volutpat, quam pede lobortis ligula, sit amet eleifend pede libero quis orci. Nullam molestie nibh in lectus.\r\n\r\nPellentesque at nulla. Suspendisse potenti. Cras in purus eu magna vulputate luctus.', 10, 87, '2020-04-20 03:00:00'),
	(57, 'Praesent blandit. Nam nulla. Integer pede justo, lacinia eget, tincidunt eget, tempus vel, pede.\r\n\r\nMorbi porttitor lorem id ligula. Suspendisse ornare consequat lectus. In est risus, auctor sed, tristique in, tempus sit amet, sem.', 8, 57, '2020-03-24 03:00:00'),
	(58, 'Donec diam neque, vestibulum eget, vulputate ut, ultrices vel, augue. Vestibulum ante ipsum primis in faucibus orci luctus et ultrices posuere cubilia Curae; Donec pharetra, magna vestibulum aliquet ultrices, erat tortor sollicitudin mi, sit amet lobortis sapien sapien non mi. Integer ac neque.\r\n\r\nDuis bibendum. Morbi non quam nec dui luctus rutrum. Nulla tellus.', 3, 43, '2020-03-25 03:00:00'),
	(59, 'Integer tincidunt ante vel ipsum. Praesent blandit lacinia erat. Vestibulum sed magna at nunc commodo placerat.\r\n\r\nPraesent blandit. Nam nulla. Integer pede justo, lacinia eget, tincidunt eget, tempus vel, pede.', 3, 29, '2020-06-21 03:00:00'),
	(60, 'Duis aliquam convallis nunc. Proin at turpis a pede posuere nonummy. Integer non velit.\r\n\r\nDonec diam neque, vestibulum eget, vulputate ut, ultrices vel, augue. Vestibulum ante ipsum primis in faucibus orci luctus et ultrices posuere cubilia Curae; Donec pharetra, magna vestibulum aliquet ultrices, erat tortor sollicitudin mi, sit amet lobortis sapien sapien non mi. Integer ac neque.', 8, 48, '2021-08-30 03:00:00'),
	(61, 'In quis justo. Maecenas rhoncus aliquam lacus. Morbi quis tortor id nulla ultrices aliquet.\r\n\r\nMaecenas leo odio, condimentum id, luctus nec, molestie sed, justo. Pellentesque viverra pede ac diam. Cras pellentesque volutpat dui.\r\n\r\nMaecenas tristique, est et tempus semper, est quam pharetra magna, ac consequat metus sapien ut nunc. Vestibulum ante ipsum primis in faucibus orci luctus et ultrices posuere cubilia Curae; Mauris viverra diam vitae quam. Suspendisse potenti.', 10, 69, '2020-11-27 03:00:00'),
	(62, 'Proin eu mi. Nulla ac enim. In tempor, turpis nec euismod scelerisque, quam turpis adipiscing lorem, vitae mattis nibh ligula nec sem.\r\n\r\nDuis aliquam convallis nunc. Proin at turpis a pede posuere nonummy. Integer non velit.', 9, 77, '2022-07-18 03:00:00'),
	(63, 'In congue. Etiam justo. Etiam pretium iaculis justo.', 5, 89, '2021-01-01 03:00:00'),
	(64, 'Nulla ut erat id mauris vulputate elementum. Nullam varius. Nulla facilisi.\r\n\r\nCras non velit nec nisi vulputate nonummy. Maecenas tincidunt lacus at velit. Vivamus vel nulla eget eros elementum pellentesque.\r\n\r\nQuisque porta volutpat erat. Quisque erat eros, viverra eget, congue eget, semper rutrum, nulla. Nunc purus.', 3, 16, '2020-05-18 03:00:00'),
	(65, 'Quisque id justo sit amet sapien dignissim vestibulum. Vestibulum ante ipsum primis in faucibus orci luctus et ultrices posuere cubilia Curae; Nulla dapibus dolor vel est. Donec odio justo, sollicitudin ut, suscipit a, feugiat et, eros.\r\n\r\nVestibulum ac est lacinia nisi venenatis tristique. Fusce congue, diam id ornare imperdiet, sapien urna pretium nisl, ut volutpat sapien arcu sed augue. Aliquam erat volutpat.', 7, 77, '2021-11-21 03:00:00'),
	(66, 'Duis consequat dui nec nisi volutpat eleifend. Donec ut dolor. Morbi vel lectus in quam fringilla rhoncus.\r\n\r\nMauris enim leo, rhoncus sed, vestibulum sit amet, cursus id, turpis. Integer aliquet, massa id lobortis convallis, tortor risus dapibus augue, vel accumsan tellus nisi eu orci. Mauris lacinia sapien quis libero.\r\n\r\nNullam sit amet turpis elementum ligula vehicula consequat. Morbi a ipsum. Integer a nibh.', 7, 2, '2022-04-23 03:00:00'),
	(67, 'Integer tincidunt ante vel ipsum. Praesent blandit lacinia erat. Vestibulum sed magna at nunc commodo placerat.', 11, 51, '2022-11-20 03:00:00'),
	(68, 'Aenean lectus. Pellentesque eget nunc. Donec quis orci eget orci vehicula condimentum.\r\n\r\nCurabitur in libero ut massa volutpat convallis. Morbi odio odio, elementum eu, interdum eu, tincidunt in, leo. Maecenas pulvinar lobortis est.\r\n\r\nPhasellus sit amet erat. Nulla tempus. Vivamus in felis eu sapien cursus vestibulum.', 10, 29, '2021-07-06 03:00:00'),
	(69, 'Duis aliquam convallis nunc. Proin at turpis a pede posuere nonummy. Integer non velit.', 2, 93, '2021-11-23 03:00:00'),
	(70, 'Maecenas tristique, est et tempus semper, est quam pharetra magna, ac consequat metus sapien ut nunc. Vestibulum ante ipsum primis in faucibus orci luctus et ultrices posuere cubilia Curae; Mauris viverra diam vitae quam. Suspendisse potenti.\r\n\r\nNullam porttitor lacus at turpis. Donec posuere metus vitae ipsum. Aliquam non mauris.\r\n\r\nMorbi non lectus. Aliquam sit amet diam in magna bibendum imperdiet. Nullam orci pede, venenatis non, sodales sed, tincidunt eu, felis.', 8, 35, '2021-12-10 03:00:00'),
	(71, 'In hac habitasse platea dictumst. Etiam faucibus cursus urna. Ut tellus.', 11, 86, '2021-01-09 03:00:00'),
	(72, 'Donec diam neque, vestibulum eget, vulputate ut, ultrices vel, augue. Vestibulum ante ipsum primis in faucibus orci luctus et ultrices posuere cubilia Curae; Donec pharetra, magna vestibulum aliquet ultrices, erat tortor sollicitudin mi, sit amet lobortis sapien sapien non mi. Integer ac neque.', 5, 8, '2022-04-21 03:00:00'),
	(73, 'In sagittis dui vel nisl. Duis ac nibh. Fusce lacus purus, aliquet at, feugiat non, pretium quis, lectus.\r\n\r\nSuspendisse potenti. In eleifend quam a odio. In hac habitasse platea dictumst.\r\n\r\nMaecenas ut massa quis augue luctus tincidunt. Nulla mollis molestie lorem. Quisque ut erat.', 2, 11, '2022-06-11 03:00:00'),
	(74, 'Nulla ut erat id mauris vulputate elementum. Nullam varius. Nulla facilisi.', 1, 87, '2022-04-22 03:00:00'),
	(75, 'Duis bibendum, felis sed interdum venenatis, turpis enim blandit mi, in porttitor pede justo eu massa. Donec dapibus. Duis at velit eu est congue elementum.\r\n\r\nIn hac habitasse platea dictumst. Morbi vestibulum, velit id pretium iaculis, diam erat fermentum justo, nec condimentum neque sapien placerat ante. Nulla justo.\r\n\r\nAliquam quis turpis eget elit sodales scelerisque. Mauris sit amet eros. Suspendisse accumsan tortor quis turpis.', 5, 60, '2021-03-16 03:00:00'),
	(76, 'In sagittis dui vel nisl. Duis ac nibh. Fusce lacus purus, aliquet at, feugiat non, pretium quis, lectus.\r\n\r\nSuspendisse potenti. In eleifend quam a odio. In hac habitasse platea dictumst.', 7, 25, '2022-02-09 03:00:00'),
	(77, 'Aenean fermentum. Donec ut mauris eget massa tempor convallis. Nulla neque libero, convallis eget, eleifend luctus, ultricies eu, nibh.\r\n\r\nQuisque id justo sit amet sapien dignissim vestibulum. Vestibulum ante ipsum primis in faucibus orci luctus et ultrices posuere cubilia Curae; Nulla dapibus dolor vel est. Donec odio justo, sollicitudin ut, suscipit a, feugiat et, eros.\r\n\r\nVestibulum ac est lacinia nisi venenatis tristique. Fusce congue, diam id ornare imperdiet, sapien urna pretium nisl, ut volutpat sapien arcu sed augue. Aliquam erat volutpat.', 5, 25, '2020-12-05 03:00:00'),
	(78, 'Mauris enim leo, rhoncus sed, vestibulum sit amet, cursus id, turpis. Integer aliquet, massa id lobortis convallis, tortor risus dapibus augue, vel accumsan tellus nisi eu orci. Mauris lacinia sapien quis libero.', 8, 40, '2021-04-26 03:00:00'),
	(79, 'Nulla ut erat id mauris vulputate elementum. Nullam varius. Nulla facilisi.\r\n\r\nCras non velit nec nisi vulputate nonummy. Maecenas tincidunt lacus at velit. Vivamus vel nulla eget eros elementum pellentesque.', 10, 42, '2020-10-19 03:00:00'),
	(80, 'Duis aliquam convallis nunc. Proin at turpis a pede posuere nonummy. Integer non velit.', 8, 9, '2020-01-19 03:00:00'),
	(81, 'Quisque porta volutpat erat. Quisque erat eros, viverra eget, congue eget, semper rutrum, nulla. Nunc purus.\r\n\r\nPhasellus in felis. Donec semper sapien a libero. Nam dui.\r\n\r\nProin leo odio, porttitor id, consequat in, consequat ut, nulla. Sed accumsan felis. Ut at dolor quis odio consequat varius.', 3, 30, '2020-11-07 03:00:00'),
	(82, 'Donec diam neque, vestibulum eget, vulputate ut, ultrices vel, augue. Vestibulum ante ipsum primis in faucibus orci luctus et ultrices posuere cubilia Curae; Donec pharetra, magna vestibulum aliquet ultrices, erat tortor sollicitudin mi, sit amet lobortis sapien sapien non mi. Integer ac neque.', 8, 82, '2021-02-11 03:00:00'),
	(83, 'Sed sagittis. Nam congue, risus semper porta volutpat, quam pede lobortis ligula, sit amet eleifend pede libero quis orci. Nullam molestie nibh in lectus.\r\n\r\nPellentesque at nulla. Suspendisse potenti. Cras in purus eu magna vulputate luctus.\r\n\r\nCum sociis natoque penatibus et magnis dis parturient montes, nascetur ridiculus mus. Vivamus vestibulum sagittis sapien. Cum sociis natoque penatibus et magnis dis parturient montes, nascetur ridiculus mus.', 11, 60, '2020-01-08 03:00:00'),
	(84, 'Morbi non lectus. Aliquam sit amet diam in magna bibendum imperdiet. Nullam orci pede, venenatis non, sodales sed, tincidunt eu, felis.', 7, 18, '2022-10-03 03:00:00'),
	(85, 'Pellentesque at nulla. Suspendisse potenti. Cras in purus eu magna vulputate luctus.\r\n\r\nCum sociis natoque penatibus et magnis dis parturient montes, nascetur ridiculus mus. Vivamus vestibulum sagittis sapien. Cum sociis natoque penatibus et magnis dis parturient montes, nascetur ridiculus mus.', 5, 74, '2021-09-20 03:00:00'),
	(86, 'In hac habitasse platea dictumst. Etiam faucibus cursus urna. Ut tellus.', 4, 49, '2020-05-05 03:00:00'),
	(87, 'Curabitur gravida nisi at nibh. In hac habitasse platea dictumst. Aliquam augue quam, sollicitudin vitae, consectetuer eget, rutrum at, lorem.\r\n\r\nInteger tincidunt ante vel ipsum. Praesent blandit lacinia erat. Vestibulum sed magna at nunc commodo placerat.', 5, 7, '2022-07-18 03:00:00'),
	(88, 'Proin interdum mauris non ligula pellentesque ultrices. Phasellus id sapien in sapien iaculis congue. Vivamus metus arcu, adipiscing molestie, hendrerit at, vulputate vitae, nisl.\r\n\r\nAenean lectus. Pellentesque eget nunc. Donec quis orci eget orci vehicula condimentum.', 11, 16, '2022-09-12 03:00:00'),
	(89, 'Donec diam neque, vestibulum eget, vulputate ut, ultrices vel, augue. Vestibulum ante ipsum primis in faucibus orci luctus et ultrices posuere cubilia Curae; Donec pharetra, magna vestibulum aliquet ultrices, erat tortor sollicitudin mi, sit amet lobortis sapien sapien non mi. Integer ac neque.\r\n\r\nDuis bibendum. Morbi non quam nec dui luctus rutrum. Nulla tellus.\r\n\r\nIn sagittis dui vel nisl. Duis ac nibh. Fusce lacus purus, aliquet at, feugiat non, pretium quis, lectus.', 11, 66, '2022-11-12 03:00:00'),
	(90, 'In hac habitasse platea dictumst. Etiam faucibus cursus urna. Ut tellus.\r\n\r\nNulla ut erat id mauris vulputate elementum. Nullam varius. Nulla facilisi.\r\n\r\nCras non velit nec nisi vulputate nonummy. Maecenas tincidunt lacus at velit. Vivamus vel nulla eget eros elementum pellentesque.', 11, 21, '2020-03-24 03:00:00'),
	(91, 'Duis bibendum, felis sed interdum venenatis, turpis enim blandit mi, in porttitor pede justo eu massa. Donec dapibus. Duis at velit eu est congue elementum.\r\n\r\nIn hac habitasse platea dictumst. Morbi vestibulum, velit id pretium iaculis, diam erat fermentum justo, nec condimentum neque sapien placerat ante. Nulla justo.', 10, 98, '2021-07-19 03:00:00'),
	(92, 'Nullam porttitor lacus at turpis. Donec posuere metus vitae ipsum. Aliquam non mauris.\r\n\r\nMorbi non lectus. Aliquam sit amet diam in magna bibendum imperdiet. Nullam orci pede, venenatis non, sodales sed, tincidunt eu, felis.\r\n\r\nFusce posuere felis sed lacus. Morbi sem mauris, laoreet ut, rhoncus aliquet, pulvinar sed, nisl. Nunc rhoncus dui vel sem.', 3, 18, '2021-01-21 03:00:00'),
	(93, 'Praesent id massa id nisl venenatis lacinia. Aenean sit amet justo. Morbi ut odio.\r\n\r\nCras mi pede, malesuada in, imperdiet et, commodo vulputate, justo. In blandit ultrices enim. Lorem ipsum dolor sit amet, consectetuer adipiscing elit.\r\n\r\nProin interdum mauris non ligula pellentesque ultrices. Phasellus id sapien in sapien iaculis congue. Vivamus metus arcu, adipiscing molestie, hendrerit at, vulputate vitae, nisl.', 6, 73, '2020-08-21 03:00:00'),
	(94, 'Cum sociis natoque penatibus et magnis dis parturient montes, nascetur ridiculus mus. Vivamus vestibulum sagittis sapien. Cum sociis natoque penatibus et magnis dis parturient montes, nascetur ridiculus mus.', 2, 10, '2020-01-11 03:00:00'),
	(95, 'Curabitur gravida nisi at nibh. In hac habitasse platea dictumst. Aliquam augue quam, sollicitudin vitae, consectetuer eget, rutrum at, lorem.', 1, 33, '2021-03-23 03:00:00'),
	(96, 'In hac habitasse platea dictumst. Morbi vestibulum, velit id pretium iaculis, diam erat fermentum justo, nec condimentum neque sapien placerat ante. Nulla justo.', 10, 46, '2020-01-14 03:00:00'),
	(97, 'Fusce posuere felis sed lacus. Morbi sem mauris, laoreet ut, rhoncus aliquet, pulvinar sed, nisl. Nunc rhoncus dui vel sem.\r\n\r\nSed sagittis. Nam congue, risus semper porta volutpat, quam pede lobortis ligula, sit amet eleifend pede libero quis orci. Nullam molestie nibh in lectus.', 9, 54, '2022-07-07 03:00:00'),
	(98, 'Curabitur in libero ut massa volutpat convallis. Morbi odio odio, elementum eu, interdum eu, tincidunt in, leo. Maecenas pulvinar lobortis est.', 1, 66, '2020-06-17 03:00:00'),
	(99, 'Lorem ipsum dolor sit amet, consectetuer adipiscing elit. Proin risus. Praesent lectus.\r\n\r\nVestibulum quam sapien, varius ut, blandit non, interdum in, ante. Vestibulum ante ipsum primis in faucibus orci luctus et ultrices posuere cubilia Curae; Duis faucibus accumsan odio. Curabitur convallis.\r\n\r\nDuis consequat dui nec nisi volutpat eleifend. Donec ut dolor. Morbi vel lectus in quam fringilla rhoncus.', 7, 30, '2020-10-05 03:00:00'),
	(100, 'Phasellus sit amet erat. Nulla tempus. Vivamus in felis eu sapien cursus vestibulum.', 4, 17, '2022-06-07 03:00:00'),
	(101, 'Maecenas leo odio, condimentum id, luctus nec, molestie sed, justo. Pellentesque viverra pede ac diam. Cras pellentesque volutpat dui.\r\n\r\nMaecenas tristique, est et tempus semper, est quam pharetra magna, ac consequat metus sapien ut nunc. Vestibulum ante ipsum primis in faucibus orci luctus et ultrices posuere cubilia Curae; Mauris viverra diam vitae quam. Suspendisse potenti.\r\n\r\nNullam porttitor lacus at turpis. Donec posuere metus vitae ipsum. Aliquam non mauris.', 8, 37, '2020-11-18 03:00:00'),
	(102, 'Lorem ipsum dolor sit amet, consectetuer adipiscing elit. Proin risus. Praesent lectus.\r\n\r\nVestibulum quam sapien, varius ut, blandit non, interdum in, ante. Vestibulum ante ipsum primis in faucibus orci luctus et ultrices posuere cubilia Curae; Duis faucibus accumsan odio. Curabitur convallis.\r\n\r\nDuis consequat dui nec nisi volutpat eleifend. Donec ut dolor. Morbi vel lectus in quam fringilla rhoncus.', 5, 69, '2020-02-10 03:00:00'),
	(103, 'Aenean lectus. Pellentesque eget nunc. Donec quis orci eget orci vehicula condimentum.', 2, 36, '2020-11-25 03:00:00'),
	(104, 'Cum sociis natoque penatibus et magnis dis parturient montes, nascetur ridiculus mus. Vivamus vestibulum sagittis sapien. Cum sociis natoque penatibus et magnis dis parturient montes, nascetur ridiculus mus.', 4, 66, '2021-03-07 03:00:00'),
	(105, 'Vestibulum ac est lacinia nisi venenatis tristique. Fusce congue, diam id ornare imperdiet, sapien urna pretium nisl, ut volutpat sapien arcu sed augue. Aliquam erat volutpat.', 5, 73, '2020-03-15 03:00:00'),
	(106, 'Quisque porta volutpat erat. Quisque erat eros, viverra eget, congue eget, semper rutrum, nulla. Nunc purus.', 2, 62, '2020-06-22 03:00:00'),
	(107, 'Maecenas leo odio, condimentum id, luctus nec, molestie sed, justo. Pellentesque viverra pede ac diam. Cras pellentesque volutpat dui.\r\n\r\nMaecenas tristique, est et tempus semper, est quam pharetra magna, ac consequat metus sapien ut nunc. Vestibulum ante ipsum primis in faucibus orci luctus et ultrices posuere cubilia Curae; Mauris viverra diam vitae quam. Suspendisse potenti.\r\n\r\nNullam porttitor lacus at turpis. Donec posuere metus vitae ipsum. Aliquam non mauris.', 2, 98, '2021-10-07 03:00:00'),
	(108, 'Vestibulum quam sapien, varius ut, blandit non, interdum in, ante. Vestibulum ante ipsum primis in faucibus orci luctus et ultrices posuere cubilia Curae; Duis faucibus accumsan odio. Curabitur convallis.', 3, 83, '2021-05-29 03:00:00'),
	(109, 'Fusce posuere felis sed lacus. Morbi sem mauris, laoreet ut, rhoncus aliquet, pulvinar sed, nisl. Nunc rhoncus dui vel sem.', 6, 32, '2021-09-27 03:00:00'),
	(110, 'Nullam sit amet turpis elementum ligula vehicula consequat. Morbi a ipsum. Integer a nibh.\r\n\r\nIn quis justo. Maecenas rhoncus aliquam lacus. Morbi quis tortor id nulla ultrices aliquet.\r\n\r\nMaecenas leo odio, condimentum id, luctus nec, molestie sed, justo. Pellentesque viverra pede ac diam. Cras pellentesque volutpat dui.', 9, 29, '2021-06-25 03:00:00'),
	(111, 'Fusce consequat. Nulla nisl. Nunc nisl.\r\n\r\nDuis bibendum, felis sed interdum venenatis, turpis enim blandit mi, in porttitor pede justo eu massa. Donec dapibus. Duis at velit eu est congue elementum.\r\n\r\nIn hac habitasse platea dictumst. Morbi vestibulum, velit id pretium iaculis, diam erat fermentum justo, nec condimentum neque sapien placerat ante. Nulla justo.', 6, 16, '2022-03-10 03:00:00'),
	(112, 'Donec diam neque, vestibulum eget, vulputate ut, ultrices vel, augue. Vestibulum ante ipsum primis in faucibus orci luctus et ultrices posuere cubilia Curae; Donec pharetra, magna vestibulum aliquet ultrices, erat tortor sollicitudin mi, sit amet lobortis sapien sapien non mi. Integer ac neque.\r\n\r\nDuis bibendum. Morbi non quam nec dui luctus rutrum. Nulla tellus.\r\n\r\nIn sagittis dui vel nisl. Duis ac nibh. Fusce lacus purus, aliquet at, feugiat non, pretium quis, lectus.', 7, 76, '2020-07-03 03:00:00'),
	(113, 'Pellentesque at nulla. Suspendisse potenti. Cras in purus eu magna vulputate luctus.\r\n\r\nCum sociis natoque penatibus et magnis dis parturient montes, nascetur ridiculus mus. Vivamus vestibulum sagittis sapien. Cum sociis natoque penatibus et magnis dis parturient montes, nascetur ridiculus mus.', 4, 14, '2021-12-15 03:00:00'),
	(114, 'Praesent blandit. Nam nulla. Integer pede justo, lacinia eget, tincidunt eget, tempus vel, pede.\r\n\r\nMorbi porttitor lorem id ligula. Suspendisse ornare consequat lectus. In est risus, auctor sed, tristique in, tempus sit amet, sem.\r\n\r\nFusce consequat. Nulla nisl. Nunc nisl.', 1, 17, '2022-04-07 03:00:00'),
	(115, 'In hac habitasse platea dictumst. Morbi vestibulum, velit id pretium iaculis, diam erat fermentum justo, nec condimentum neque sapien placerat ante. Nulla justo.\r\n\r\nAliquam quis turpis eget elit sodales scelerisque. Mauris sit amet eros. Suspendisse accumsan tortor quis turpis.', 6, 73, '2022-06-17 03:00:00'),
	(116, 'Vestibulum ac est lacinia nisi venenatis tristique. Fusce congue, diam id ornare imperdiet, sapien urna pretium nisl, ut volutpat sapien arcu sed augue. Aliquam erat volutpat.\r\n\r\nIn congue. Etiam justo. Etiam pretium iaculis justo.\r\n\r\nIn hac habitasse platea dictumst. Etiam faucibus cursus urna. Ut tellus.', 6, 57, '2022-07-03 03:00:00'),
	(117, 'Proin eu mi. Nulla ac enim. In tempor, turpis nec euismod scelerisque, quam turpis adipiscing lorem, vitae mattis nibh ligula nec sem.\r\n\r\nDuis aliquam convallis nunc. Proin at turpis a pede posuere nonummy. Integer non velit.', 7, 42, '2022-02-21 03:00:00'),
	(118, 'Curabitur in libero ut massa volutpat convallis. Morbi odio odio, elementum eu, interdum eu, tincidunt in, leo. Maecenas pulvinar lobortis est.\r\n\r\nPhasellus sit amet erat. Nulla tempus. Vivamus in felis eu sapien cursus vestibulum.\r\n\r\nProin eu mi. Nulla ac enim. In tempor, turpis nec euismod scelerisque, quam turpis adipiscing lorem, vitae mattis nibh ligula nec sem.', 4, 29, '2020-03-13 03:00:00'),
	(119, 'Donec diam neque, vestibulum eget, vulputate ut, ultrices vel, augue. Vestibulum ante ipsum primis in faucibus orci luctus et ultrices posuere cubilia Curae; Donec pharetra, magna vestibulum aliquet ultrices, erat tortor sollicitudin mi, sit amet lobortis sapien sapien non mi. Integer ac neque.\r\n\r\nDuis bibendum. Morbi non quam nec dui luctus rutrum. Nulla tellus.', 4, 31, '2020-07-24 03:00:00'),
	(120, 'Etiam vel augue. Vestibulum rutrum rutrum neque. Aenean auctor gravida sem.', 10, 80, '2022-03-22 03:00:00'),
	(121, 'Proin interdum mauris non ligula pellentesque ultrices. Phasellus id sapien in sapien iaculis congue. Vivamus metus arcu, adipiscing molestie, hendrerit at, vulputate vitae, nisl.\r\n\r\nAenean lectus. Pellentesque eget nunc. Donec quis orci eget orci vehicula condimentum.', 1, 39, '2020-06-03 03:00:00'),
	(122, 'Integer ac leo. Pellentesque ultrices mattis odio. Donec vitae nisi.', 3, 89, '2021-06-13 03:00:00'),
	(123, 'Praesent id massa id nisl venenatis lacinia. Aenean sit amet justo. Morbi ut odio.\r\n\r\nCras mi pede, malesuada in, imperdiet et, commodo vulputate, justo. In blandit ultrices enim. Lorem ipsum dolor sit amet, consectetuer adipiscing elit.\r\n\r\nProin interdum mauris non ligula pellentesque ultrices. Phasellus id sapien in sapien iaculis congue. Vivamus metus arcu, adipiscing molestie, hendrerit at, vulputate vitae, nisl.', 6, 64, '2022-12-25 03:00:00'),
	(124, 'Proin eu mi. Nulla ac enim. In tempor, turpis nec euismod scelerisque, quam turpis adipiscing lorem, vitae mattis nibh ligula nec sem.\r\n\r\nDuis aliquam convallis nunc. Proin at turpis a pede posuere nonummy. Integer non velit.\r\n\r\nDonec diam neque, vestibulum eget, vulputate ut, ultrices vel, augue. Vestibulum ante ipsum primis in faucibus orci luctus et ultrices posuere cubilia Curae; Donec pharetra, magna vestibulum aliquet ultrices, erat tortor sollicitudin mi, sit amet lobortis sapien sapien non mi. Integer ac neque.', 4, 59, '2021-07-27 03:00:00'),
	(125, 'In sagittis dui vel nisl. Duis ac nibh. Fusce lacus purus, aliquet at, feugiat non, pretium quis, lectus.\r\n\r\nSuspendisse potenti. In eleifend quam a odio. In hac habitasse platea dictumst.', 5, 53, '2021-11-25 03:00:00'),
	(126, 'Aenean fermentum. Donec ut mauris eget massa tempor convallis. Nulla neque libero, convallis eget, eleifend luctus, ultricies eu, nibh.\r\n\r\nQuisque id justo sit amet sapien dignissim vestibulum. Vestibulum ante ipsum primis in faucibus orci luctus et ultrices posuere cubilia Curae; Nulla dapibus dolor vel est. Donec odio justo, sollicitudin ut, suscipit a, feugiat et, eros.\r\n\r\nVestibulum ac est lacinia nisi venenatis tristique. Fusce congue, diam id ornare imperdiet, sapien urna pretium nisl, ut volutpat sapien arcu sed augue. Aliquam erat volutpat.', 7, 61, '2021-10-19 03:00:00'),
	(127, 'Maecenas leo odio, condimentum id, luctus nec, molestie sed, justo. Pellentesque viverra pede ac diam. Cras pellentesque volutpat dui.', 9, 78, '2020-04-19 03:00:00'),
	(128, 'Maecenas ut massa quis augue luctus tincidunt. Nulla mollis molestie lorem. Quisque ut erat.\r\n\r\nCurabitur gravida nisi at nibh. In hac habitasse platea dictumst. Aliquam augue quam, sollicitudin vitae, consectetuer eget, rutrum at, lorem.\r\n\r\nInteger tincidunt ante vel ipsum. Praesent blandit lacinia erat. Vestibulum sed magna at nunc commodo placerat.', 7, 72, '2022-02-04 03:00:00'),
	(129, 'Maecenas ut massa quis augue luctus tincidunt. Nulla mollis molestie lorem. Quisque ut erat.', 1, 6, '2020-07-31 03:00:00'),
	(130, 'Morbi porttitor lorem id ligula. Suspendisse ornare consequat lectus. In est risus, auctor sed, tristique in, tempus sit amet, sem.\r\n\r\nFusce consequat. Nulla nisl. Nunc nisl.\r\n\r\nDuis bibendum, felis sed interdum venenatis, turpis enim blandit mi, in porttitor pede justo eu massa. Donec dapibus. Duis at velit eu est congue elementum.', 9, 27, '2022-08-15 03:00:00');

-- Dumping structure for table culturify.likes
CREATE TABLE IF NOT EXISTS `likes` (
  `id` bigint(20) unsigned NOT NULL AUTO_INCREMENT,
  `author_id` bigint(20) unsigned NOT NULL,
  `post_id` bigint(20) unsigned NOT NULL,
  PRIMARY KEY (`id`),
  KEY `author_id` (`author_id`),
  KEY `post_id` (`post_id`),
  CONSTRAINT `likes_ibfk_1` FOREIGN KEY (`author_id`) REFERENCES `users` (`id`),
  CONSTRAINT `likes_ibfk_2` FOREIGN KEY (`post_id`) REFERENCES `posts` (`id`)
) ENGINE=InnoDB AUTO_INCREMENT=1001 DEFAULT CHARSET=utf8mb4 COLLATE=utf8mb4_general_ci;

-- Dumping data for table culturify.likes: ~1,000 rows (approximately)
INSERT INTO `likes` (`id`, `author_id`, `post_id`) VALUES
	(1, 8, 46),
	(2, 7, 47),
	(3, 7, 37),
	(4, 2, 78),
	(5, 2, 42),
	(6, 4, 36),
	(7, 8, 97),
	(8, 10, 79),
	(9, 3, 8),
	(10, 2, 77),
	(11, 7, 14),
	(12, 10, 36),
	(13, 3, 97),
	(14, 9, 94),
	(15, 7, 71),
	(16, 11, 14),
	(17, 8, 98),
	(18, 3, 69),
	(19, 6, 71),
	(20, 5, 76),
	(21, 6, 15),
	(22, 10, 2),
	(23, 5, 22),
	(24, 11, 58),
	(25, 11, 92),
	(26, 3, 100),
	(27, 3, 22),
	(28, 4, 83),
	(29, 11, 30),
	(30, 8, 81),
	(31, 7, 50),
	(32, 10, 90),
	(33, 11, 86),
	(34, 5, 13),
	(35, 9, 59),
	(36, 9, 23),
	(37, 4, 41),
	(38, 7, 73),
	(39, 5, 56),
	(40, 7, 13),
	(41, 7, 2),
	(42, 5, 74),
	(43, 1, 45),
	(44, 5, 34),
	(45, 9, 48),
	(46, 6, 56),
	(47, 9, 53),
	(48, 7, 98),
	(49, 4, 43),
	(50, 2, 32),
	(51, 6, 31),
	(52, 6, 98),
	(53, 9, 55),
	(54, 3, 72),
	(55, 3, 65),
	(56, 4, 21),
	(57, 2, 39),
	(58, 3, 76),
	(59, 7, 48),
	(60, 8, 39),
	(61, 2, 74),
	(62, 11, 90),
	(63, 4, 74),
	(64, 5, 36),
	(65, 8, 64),
	(66, 4, 12),
	(67, 11, 94),
	(68, 11, 88),
	(69, 9, 70),
	(70, 3, 48),
	(71, 3, 43),
	(72, 8, 27),
	(73, 5, 16),
	(74, 6, 84),
	(75, 9, 41),
	(76, 7, 45),
	(77, 8, 59),
	(78, 5, 45),
	(79, 7, 45),
	(80, 5, 83),
	(81, 4, 73),
	(82, 1, 6),
	(83, 4, 84),
	(84, 1, 69),
	(85, 8, 15),
	(86, 11, 69),
	(87, 2, 18),
	(88, 6, 57),
	(89, 5, 79),
	(90, 2, 76),
	(91, 11, 91),
	(92, 8, 33),
	(93, 3, 42),
	(94, 11, 39),
	(95, 8, 100),
	(96, 9, 53),
	(97, 4, 58),
	(98, 3, 90),
	(99, 2, 61),
	(100, 3, 82),
	(101, 3, 64),
	(102, 9, 83),
	(103, 9, 33),
	(104, 8, 29),
	(105, 3, 86),
	(106, 11, 56),
	(107, 8, 75),
	(108, 11, 60),
	(109, 9, 26),
	(110, 4, 95),
	(111, 10, 23),
	(112, 5, 10),
	(113, 11, 56),
	(114, 5, 5),
	(115, 10, 21),
	(116, 11, 42),
	(117, 8, 78),
	(118, 8, 50),
	(119, 11, 23),
	(120, 2, 82),
	(121, 2, 13),
	(122, 7, 52),
	(123, 8, 94),
	(124, 5, 68),
	(125, 9, 91),
	(126, 5, 93),
	(127, 10, 63),
	(128, 2, 96),
	(129, 8, 98),
	(130, 2, 37),
	(131, 5, 12),
	(132, 8, 53),
	(133, 9, 40),
	(134, 8, 86),
	(135, 1, 80),
	(136, 8, 11),
	(137, 3, 96),
	(138, 8, 3),
	(139, 1, 91),
	(140, 6, 83),
	(141, 3, 61),
	(142, 10, 22),
	(143, 10, 15),
	(144, 3, 92),
	(145, 8, 100),
	(146, 8, 91),
	(147, 7, 10),
	(148, 1, 51),
	(149, 3, 4),
	(150, 6, 66),
	(151, 2, 85),
	(152, 8, 7),
	(153, 3, 5),
	(154, 7, 28),
	(155, 7, 63),
	(156, 3, 59),
	(157, 11, 7),
	(158, 3, 54),
	(159, 11, 87),
	(160, 5, 27),
	(161, 7, 13),
	(162, 8, 93),
	(163, 7, 27),
	(164, 1, 38),
	(165, 11, 16),
	(166, 1, 11),
	(167, 4, 61),
	(168, 10, 53),
	(169, 9, 66),
	(170, 11, 45),
	(171, 11, 48),
	(172, 11, 13),
	(173, 8, 51),
	(174, 9, 75),
	(175, 7, 17),
	(176, 3, 62),
	(177, 10, 14),
	(178, 9, 72),
	(179, 10, 6),
	(180, 10, 97),
	(181, 9, 44),
	(182, 7, 97),
	(183, 9, 5),
	(184, 3, 33),
	(185, 7, 97),
	(186, 8, 89),
	(187, 6, 16),
	(188, 7, 90),
	(189, 9, 5),
	(190, 1, 71),
	(191, 7, 47),
	(192, 8, 64),
	(193, 8, 35),
	(194, 4, 63),
	(195, 11, 49),
	(196, 11, 67),
	(197, 11, 99),
	(198, 2, 39),
	(199, 4, 62),
	(200, 1, 66),
	(201, 4, 47),
	(202, 9, 40),
	(203, 10, 20),
	(204, 5, 23),
	(205, 7, 10),
	(206, 3, 32),
	(207, 10, 20),
	(208, 4, 31),
	(209, 8, 54),
	(210, 8, 44),
	(211, 8, 88),
	(212, 5, 63),
	(213, 5, 33),
	(214, 4, 66),
	(215, 5, 95),
	(216, 11, 83),
	(217, 10, 64),
	(218, 2, 20),
	(219, 6, 90),
	(220, 9, 43),
	(221, 6, 14),
	(222, 6, 3),
	(223, 1, 20),
	(224, 4, 76),
	(225, 6, 37),
	(226, 5, 69),
	(227, 10, 98),
	(228, 2, 75),
	(229, 1, 11),
	(230, 1, 55),
	(231, 1, 26),
	(232, 2, 52),
	(233, 4, 27),
	(234, 6, 45),
	(235, 4, 38),
	(236, 2, 52),
	(237, 9, 53),
	(238, 5, 54),
	(239, 5, 65),
	(240, 9, 28),
	(241, 8, 52),
	(242, 8, 99),
	(243, 1, 6),
	(244, 1, 30),
	(245, 7, 78),
	(246, 9, 2),
	(247, 9, 54),
	(248, 7, 28),
	(249, 2, 50),
	(250, 10, 20),
	(251, 8, 98),
	(252, 1, 26),
	(253, 3, 7),
	(254, 2, 51),
	(255, 1, 27),
	(256, 11, 8),
	(257, 9, 85),
	(258, 7, 7),
	(259, 3, 81),
	(260, 6, 17),
	(261, 6, 65),
	(262, 5, 48),
	(263, 7, 98),
	(264, 7, 36),
	(265, 5, 1),
	(266, 6, 9),
	(267, 2, 4),
	(268, 9, 26),
	(269, 4, 56),
	(270, 8, 14),
	(271, 9, 24),
	(272, 10, 88),
	(273, 1, 1),
	(274, 2, 30),
	(275, 8, 72),
	(276, 5, 74),
	(277, 5, 98),
	(278, 4, 17),
	(279, 2, 58),
	(280, 2, 69),
	(281, 2, 64),
	(282, 8, 6),
	(283, 1, 5),
	(284, 11, 70),
	(285, 8, 97),
	(286, 4, 100),
	(287, 11, 51),
	(288, 7, 17),
	(289, 2, 29),
	(290, 9, 53),
	(291, 9, 91),
	(292, 4, 82),
	(293, 2, 15),
	(294, 4, 21),
	(295, 5, 72),
	(296, 3, 30),
	(297, 1, 23),
	(298, 4, 87),
	(299, 4, 95),
	(300, 7, 88),
	(301, 2, 44),
	(302, 6, 41),
	(303, 5, 2),
	(304, 1, 67),
	(305, 8, 69),
	(306, 11, 99),
	(307, 7, 33),
	(308, 2, 71),
	(309, 10, 41),
	(310, 2, 22),
	(311, 4, 86),
	(312, 5, 89),
	(313, 1, 22),
	(314, 3, 47),
	(315, 10, 69),
	(316, 3, 32),
	(317, 7, 65),
	(318, 1, 7),
	(319, 3, 16),
	(320, 10, 84),
	(321, 8, 19),
	(322, 3, 70),
	(323, 4, 57),
	(324, 8, 36),
	(325, 7, 96),
	(326, 9, 76),
	(327, 2, 31),
	(328, 1, 1),
	(329, 9, 99),
	(330, 10, 39),
	(331, 6, 64),
	(332, 2, 77),
	(333, 5, 100),
	(334, 9, 63),
	(335, 6, 32),
	(336, 9, 70),
	(337, 6, 56),
	(338, 6, 38),
	(339, 2, 55),
	(340, 2, 77),
	(341, 9, 90),
	(342, 1, 61),
	(343, 1, 14),
	(344, 2, 38),
	(345, 10, 93),
	(346, 5, 84),
	(347, 10, 90),
	(348, 9, 90),
	(349, 1, 64),
	(350, 3, 48),
	(351, 2, 30),
	(352, 2, 40),
	(353, 10, 12),
	(354, 9, 82),
	(355, 1, 2),
	(356, 10, 32),
	(357, 9, 50),
	(358, 8, 71),
	(359, 1, 43),
	(360, 6, 48),
	(361, 10, 81),
	(362, 7, 46),
	(363, 1, 62),
	(364, 2, 54),
	(365, 7, 100),
	(366, 7, 4),
	(367, 1, 73),
	(368, 4, 81),
	(369, 8, 82),
	(370, 8, 66),
	(371, 10, 48),
	(372, 1, 18),
	(373, 10, 61),
	(374, 4, 15),
	(375, 3, 81),
	(376, 5, 89),
	(377, 2, 35),
	(378, 1, 64),
	(379, 9, 10),
	(380, 9, 39),
	(381, 1, 34),
	(382, 7, 40),
	(383, 6, 61),
	(384, 1, 56),
	(385, 1, 49),
	(386, 7, 15),
	(387, 1, 95),
	(388, 6, 16),
	(389, 10, 91),
	(390, 3, 75),
	(391, 2, 84),
	(392, 3, 49),
	(393, 11, 99),
	(394, 11, 16),
	(395, 7, 2),
	(396, 8, 47),
	(397, 6, 92),
	(398, 9, 77),
	(399, 3, 22),
	(400, 5, 66),
	(401, 4, 11),
	(402, 7, 43),
	(403, 8, 62),
	(404, 11, 67),
	(405, 10, 73),
	(406, 4, 40),
	(407, 2, 84),
	(408, 11, 51),
	(409, 6, 30),
	(410, 4, 41),
	(411, 7, 98),
	(412, 10, 74),
	(413, 11, 83),
	(414, 2, 71),
	(415, 9, 60),
	(416, 6, 48),
	(417, 11, 45),
	(418, 8, 48),
	(419, 1, 80),
	(420, 6, 88),
	(421, 2, 12),
	(422, 11, 35),
	(423, 10, 16),
	(424, 1, 10),
	(425, 6, 9),
	(426, 6, 51),
	(427, 2, 97),
	(428, 4, 39),
	(429, 9, 98),
	(430, 7, 28),
	(431, 7, 12),
	(432, 10, 9),
	(433, 4, 70),
	(434, 10, 66),
	(435, 11, 74),
	(436, 2, 34),
	(437, 7, 83),
	(438, 3, 38),
	(439, 1, 55),
	(440, 3, 15),
	(441, 8, 52),
	(442, 7, 24),
	(443, 1, 98),
	(444, 11, 74),
	(445, 9, 48),
	(446, 1, 24),
	(447, 11, 62),
	(448, 4, 66),
	(449, 11, 8),
	(450, 7, 49),
	(451, 9, 60),
	(452, 3, 55),
	(453, 5, 97),
	(454, 1, 64),
	(455, 10, 14),
	(456, 5, 58),
	(457, 8, 66),
	(458, 2, 18),
	(459, 5, 6),
	(460, 4, 38),
	(461, 10, 52),
	(462, 11, 47),
	(463, 11, 65),
	(464, 10, 86),
	(465, 5, 52),
	(466, 10, 3),
	(467, 1, 89),
	(468, 5, 7),
	(469, 3, 31),
	(470, 6, 68),
	(471, 3, 86),
	(472, 3, 87),
	(473, 2, 97),
	(474, 7, 23),
	(475, 6, 75),
	(476, 1, 96),
	(477, 11, 81),
	(478, 6, 54),
	(479, 10, 35),
	(480, 2, 97),
	(481, 3, 34),
	(482, 3, 6),
	(483, 8, 69),
	(484, 9, 58),
	(485, 3, 66),
	(486, 6, 89),
	(487, 4, 27),
	(488, 9, 2),
	(489, 1, 90),
	(490, 5, 49),
	(491, 10, 66),
	(492, 3, 89),
	(493, 4, 90),
	(494, 9, 43),
	(495, 10, 33),
	(496, 9, 19),
	(497, 7, 67),
	(498, 4, 82),
	(499, 3, 32),
	(500, 5, 71),
	(501, 6, 95),
	(502, 10, 42),
	(503, 1, 49),
	(504, 10, 59),
	(505, 6, 24),
	(506, 11, 3),
	(507, 3, 73),
	(508, 6, 41),
	(509, 3, 80),
	(510, 1, 20),
	(511, 10, 53),
	(512, 3, 8),
	(513, 10, 38),
	(514, 11, 47),
	(515, 8, 98),
	(516, 10, 26),
	(517, 3, 22),
	(518, 6, 24),
	(519, 7, 58),
	(520, 5, 76),
	(521, 10, 45),
	(522, 2, 33),
	(523, 4, 6),
	(524, 2, 16),
	(525, 2, 49),
	(526, 11, 81),
	(527, 9, 33),
	(528, 3, 90),
	(529, 2, 90),
	(530, 6, 28),
	(531, 7, 17),
	(532, 9, 17),
	(533, 3, 14),
	(534, 8, 65),
	(535, 1, 92),
	(536, 11, 36),
	(537, 10, 11),
	(538, 5, 73),
	(539, 2, 51),
	(540, 1, 34),
	(541, 7, 52),
	(542, 3, 60),
	(543, 8, 90),
	(544, 5, 17),
	(545, 1, 34),
	(546, 5, 67),
	(547, 11, 48),
	(548, 2, 71),
	(549, 2, 79),
	(550, 6, 65),
	(551, 11, 32),
	(552, 11, 56),
	(553, 6, 34),
	(554, 9, 85),
	(555, 7, 65),
	(556, 8, 2),
	(557, 6, 55),
	(558, 4, 8),
	(559, 7, 75),
	(560, 11, 5),
	(561, 7, 64),
	(562, 1, 8),
	(563, 3, 89),
	(564, 9, 12),
	(565, 9, 14),
	(566, 5, 78),
	(567, 8, 43),
	(568, 5, 23),
	(569, 10, 73),
	(570, 5, 63),
	(571, 6, 99),
	(572, 7, 95),
	(573, 1, 56),
	(574, 1, 83),
	(575, 4, 55),
	(576, 5, 36),
	(577, 7, 34),
	(578, 2, 50),
	(579, 8, 34),
	(580, 6, 15),
	(581, 11, 67),
	(582, 10, 48),
	(583, 1, 25),
	(584, 9, 37),
	(585, 1, 92),
	(586, 10, 99),
	(587, 5, 26),
	(588, 8, 20),
	(589, 4, 12),
	(590, 11, 63),
	(591, 8, 37),
	(592, 2, 19),
	(593, 8, 3),
	(594, 10, 42),
	(595, 11, 56),
	(596, 2, 45),
	(597, 8, 99),
	(598, 11, 28),
	(599, 3, 26),
	(600, 3, 19),
	(601, 7, 99),
	(602, 1, 6),
	(603, 2, 22),
	(604, 5, 62),
	(605, 5, 88),
	(606, 11, 18),
	(607, 9, 67),
	(608, 4, 100),
	(609, 4, 9),
	(610, 5, 99),
	(611, 3, 23),
	(612, 11, 67),
	(613, 4, 73),
	(614, 11, 71),
	(615, 3, 41),
	(616, 6, 92),
	(617, 9, 8),
	(618, 9, 89),
	(619, 2, 48),
	(620, 1, 60),
	(621, 10, 70),
	(622, 9, 65),
	(623, 8, 54),
	(624, 7, 23),
	(625, 10, 98),
	(626, 10, 5),
	(627, 4, 96),
	(628, 8, 41),
	(629, 9, 42),
	(630, 9, 35),
	(631, 6, 8),
	(632, 4, 64),
	(633, 9, 51),
	(634, 4, 97),
	(635, 1, 6),
	(636, 9, 60),
	(637, 8, 26),
	(638, 10, 68),
	(639, 3, 54),
	(640, 2, 6),
	(641, 6, 28),
	(642, 7, 54),
	(643, 2, 74),
	(644, 10, 90),
	(645, 1, 23),
	(646, 1, 72),
	(647, 3, 90),
	(648, 9, 24),
	(649, 7, 47),
	(650, 2, 51),
	(651, 11, 24),
	(652, 9, 78),
	(653, 4, 100),
	(654, 4, 49),
	(655, 3, 42),
	(656, 7, 92),
	(657, 9, 2),
	(658, 1, 73),
	(659, 9, 65),
	(660, 3, 37),
	(661, 7, 28),
	(662, 9, 64),
	(663, 7, 50),
	(664, 10, 72),
	(665, 10, 1),
	(666, 9, 33),
	(667, 2, 99),
	(668, 6, 51),
	(669, 5, 40),
	(670, 7, 34),
	(671, 3, 75),
	(672, 1, 66),
	(673, 5, 29),
	(674, 5, 75),
	(675, 11, 88),
	(676, 1, 56),
	(677, 5, 25),
	(678, 5, 26),
	(679, 9, 2),
	(680, 4, 27),
	(681, 7, 83),
	(682, 3, 77),
	(683, 7, 19),
	(684, 7, 83),
	(685, 9, 49),
	(686, 9, 34),
	(687, 10, 29),
	(688, 9, 79),
	(689, 4, 50),
	(690, 4, 21),
	(691, 7, 2),
	(692, 3, 62),
	(693, 5, 55),
	(694, 10, 1),
	(695, 2, 59),
	(696, 11, 31),
	(697, 9, 70),
	(698, 3, 26),
	(699, 5, 44),
	(700, 3, 74),
	(701, 6, 83),
	(702, 7, 6),
	(703, 8, 73),
	(704, 11, 50),
	(705, 1, 7),
	(706, 3, 56),
	(707, 8, 89),
	(708, 7, 61),
	(709, 7, 70),
	(710, 11, 20),
	(711, 10, 24),
	(712, 10, 46),
	(713, 6, 24),
	(714, 6, 52),
	(715, 3, 83),
	(716, 7, 78),
	(717, 5, 21),
	(718, 4, 77),
	(719, 9, 18),
	(720, 10, 54),
	(721, 6, 85),
	(722, 6, 83),
	(723, 10, 70),
	(724, 8, 26),
	(725, 6, 53),
	(726, 11, 13),
	(727, 5, 47),
	(728, 2, 48),
	(729, 11, 10),
	(730, 5, 17),
	(731, 4, 58),
	(732, 5, 13),
	(733, 6, 85),
	(734, 4, 89),
	(735, 6, 13),
	(736, 11, 33),
	(737, 7, 96),
	(738, 6, 17),
	(739, 4, 96),
	(740, 10, 48),
	(741, 7, 9),
	(742, 9, 67),
	(743, 1, 79),
	(744, 10, 23),
	(745, 1, 86),
	(746, 10, 43),
	(747, 2, 10),
	(748, 5, 98),
	(749, 7, 77),
	(750, 8, 46),
	(751, 9, 15),
	(752, 9, 65),
	(753, 9, 68),
	(754, 10, 3),
	(755, 11, 52),
	(756, 3, 47),
	(757, 3, 62),
	(758, 5, 48),
	(759, 10, 33),
	(760, 10, 84),
	(761, 2, 3),
	(762, 10, 18),
	(763, 3, 92),
	(764, 3, 96),
	(765, 5, 20),
	(766, 10, 3),
	(767, 11, 61),
	(768, 7, 90),
	(769, 10, 93),
	(770, 5, 53),
	(771, 10, 31),
	(772, 3, 55),
	(773, 8, 89),
	(774, 2, 3),
	(775, 8, 7),
	(776, 3, 44),
	(777, 11, 34),
	(778, 3, 12),
	(779, 5, 55),
	(780, 4, 68),
	(781, 3, 68),
	(782, 7, 62),
	(783, 5, 25),
	(784, 7, 70),
	(785, 8, 76),
	(786, 2, 14),
	(787, 11, 11),
	(788, 9, 18),
	(789, 5, 32),
	(790, 8, 21),
	(791, 8, 8),
	(792, 11, 63),
	(793, 11, 100),
	(794, 1, 98),
	(795, 5, 24),
	(796, 4, 35),
	(797, 4, 73),
	(798, 9, 32),
	(799, 1, 44),
	(800, 5, 53),
	(801, 11, 34),
	(802, 6, 91),
	(803, 8, 42),
	(804, 5, 48),
	(805, 4, 55),
	(806, 3, 71),
	(807, 10, 55),
	(808, 11, 58),
	(809, 7, 19),
	(810, 7, 64),
	(811, 9, 72),
	(812, 5, 94),
	(813, 2, 48),
	(814, 9, 60),
	(815, 1, 24),
	(816, 1, 7),
	(817, 4, 84),
	(818, 1, 83),
	(819, 11, 90),
	(820, 2, 39),
	(821, 10, 31),
	(822, 8, 77),
	(823, 10, 89),
	(824, 7, 50),
	(825, 1, 89),
	(826, 2, 43),
	(827, 1, 48),
	(828, 11, 25),
	(829, 10, 85),
	(830, 3, 97),
	(831, 7, 12),
	(832, 9, 49),
	(833, 6, 28),
	(834, 4, 49),
	(835, 10, 27),
	(836, 10, 24),
	(837, 6, 19),
	(838, 2, 53),
	(839, 7, 4),
	(840, 9, 100),
	(841, 7, 17),
	(842, 8, 33),
	(843, 6, 74),
	(844, 11, 37),
	(845, 6, 10),
	(846, 8, 93),
	(847, 10, 65),
	(848, 1, 81),
	(849, 10, 4),
	(850, 1, 4),
	(851, 2, 7),
	(852, 9, 76),
	(853, 7, 36),
	(854, 8, 55),
	(855, 2, 48),
	(856, 1, 85),
	(857, 2, 82),
	(858, 5, 92),
	(859, 3, 68),
	(860, 3, 36),
	(861, 7, 99),
	(862, 3, 19),
	(863, 11, 15),
	(864, 7, 86),
	(865, 3, 5),
	(866, 3, 58),
	(867, 6, 11),
	(868, 9, 11),
	(869, 7, 91),
	(870, 8, 37),
	(871, 3, 94),
	(872, 8, 1),
	(873, 6, 80),
	(874, 9, 1),
	(875, 9, 65),
	(876, 10, 17),
	(877, 11, 1),
	(878, 10, 32),
	(879, 11, 16),
	(880, 9, 26),
	(881, 5, 6),
	(882, 10, 61),
	(883, 9, 34),
	(884, 1, 14),
	(885, 8, 28),
	(886, 7, 16),
	(887, 4, 10),
	(888, 7, 85),
	(889, 4, 22),
	(890, 11, 20),
	(891, 6, 78),
	(892, 4, 42),
	(893, 6, 93),
	(894, 9, 21),
	(895, 10, 74),
	(896, 8, 12),
	(897, 11, 31),
	(898, 1, 28),
	(899, 2, 40),
	(900, 5, 9),
	(901, 11, 71),
	(902, 2, 75),
	(903, 3, 15),
	(904, 9, 20),
	(905, 10, 70),
	(906, 4, 91),
	(907, 2, 20),
	(908, 11, 94),
	(909, 9, 76),
	(910, 2, 52),
	(911, 7, 88),
	(912, 6, 13),
	(913, 9, 82),
	(914, 3, 6),
	(915, 1, 39),
	(916, 11, 43),
	(917, 5, 8),
	(918, 10, 58),
	(919, 8, 76),
	(920, 8, 71),
	(921, 7, 44),
	(922, 2, 12),
	(923, 9, 83),
	(924, 3, 43),
	(925, 2, 86),
	(926, 2, 13),
	(927, 8, 32),
	(928, 9, 79),
	(929, 2, 83),
	(930, 11, 26),
	(931, 9, 33),
	(932, 3, 72),
	(933, 7, 96),
	(934, 3, 34),
	(935, 6, 27),
	(936, 7, 80),
	(937, 11, 91),
	(938, 8, 72),
	(939, 10, 96),
	(940, 10, 47),
	(941, 5, 54),
	(942, 4, 65),
	(943, 7, 84),
	(944, 5, 3),
	(945, 2, 15),
	(946, 8, 74),
	(947, 6, 52),
	(948, 11, 3),
	(949, 11, 51),
	(950, 4, 51),
	(951, 3, 80),
	(952, 8, 100),
	(953, 5, 97),
	(954, 3, 8),
	(955, 1, 32),
	(956, 3, 29),
	(957, 5, 85),
	(958, 3, 68),
	(959, 8, 55),
	(960, 6, 77),
	(961, 4, 79),
	(962, 1, 67),
	(963, 9, 97),
	(964, 5, 84),
	(965, 8, 92),
	(966, 11, 16),
	(967, 3, 90),
	(968, 5, 85),
	(969, 11, 38),
	(970, 8, 91),
	(971, 5, 95),
	(972, 11, 60),
	(973, 3, 61),
	(974, 10, 29),
	(975, 11, 12),
	(976, 11, 52),
	(977, 9, 96),
	(978, 5, 86),
	(979, 4, 40),
	(980, 9, 54),
	(981, 9, 45),
	(982, 6, 72),
	(983, 6, 64),
	(984, 5, 53),
	(985, 10, 58),
	(986, 6, 66),
	(987, 9, 36),
	(988, 5, 33),
	(989, 9, 28),
	(990, 6, 5),
	(991, 2, 95),
	(992, 4, 47),
	(993, 6, 20),
	(994, 3, 61),
	(995, 11, 14),
	(996, 9, 49),
	(997, 8, 71),
	(998, 8, 99),
	(999, 9, 83),
	(1000, 9, 19);

-- Dumping structure for table culturify.posts
CREATE TABLE IF NOT EXISTS `posts` (
  `id` bigint(20) unsigned NOT NULL AUTO_INCREMENT,
  `author_id` bigint(20) unsigned NOT NULL,
  `content` text NOT NULL,
  PRIMARY KEY (`id`),
  KEY `author_id` (`author_id`),
  CONSTRAINT `posts_ibfk_1` FOREIGN KEY (`author_id`) REFERENCES `users` (`id`)
) ENGINE=InnoDB AUTO_INCREMENT=1235 DEFAULT CHARSET=utf8mb4 COLLATE=utf8mb4_general_ci;

-- Dumping data for table culturify.posts: ~100 rows (approximately)
INSERT INTO `posts` (`id`, `author_id`, `content`) VALUES
	(1, 9, 'Morbi non lectus. Aliquam sit amet diam in magna bibendum imperdiet. Nullam orci pede, venenatis non, sodales sed, tincidunt eu, felis.\r\n\r\nFusce posuere felis sed lacus. Morbi sem mauris, laoreet ut, rhoncus aliquet, pulvinar sed, nisl. Nunc rhoncus dui vel sem.'),
	(2, 8, 'In sagittis dui vel nisl. Duis ac nibh. Fusce lacus purus, aliquet at, feugiat non, pretium quis, lectus.'),
	(3, 9, 'Proin interdum mauris non ligula pellentesque ultrices. Phasellus id sapien in sapien iaculis congue. Vivamus metus arcu, adipiscing molestie, hendrerit at, vulputate vitae, nisl.\r\n\r\nAenean lectus. Pellentesque eget nunc. Donec quis orci eget orci vehicula condimentum.\r\n\r\nCurabitur in libero ut massa volutpat convallis. Morbi odio odio, elementum eu, interdum eu, tincidunt in, leo. Maecenas pulvinar lobortis est.'),
	(4, 4, 'Nam ultrices, libero non mattis pulvinar, nulla pede ullamcorper augue, a suscipit nulla elit ac nulla. Sed vel enim sit amet nunc viverra dapibus. Nulla suscipit ligula in lacus.'),
	(5, 1, 'Duis bibendum, felis sed interdum venenatis, turpis enim blandit mi, in porttitor pede justo eu massa. Donec dapibus. Duis at velit eu est congue elementum.\r\n\r\nIn hac habitasse platea dictumst. Morbi vestibulum, velit id pretium iaculis, diam erat fermentum justo, nec condimentum neque sapien placerat ante. Nulla justo.'),
	(6, 4, 'Cras non velit nec nisi vulputate nonummy. Maecenas tincidunt lacus at velit. Vivamus vel nulla eget eros elementum pellentesque.\r\n\r\nQuisque porta volutpat erat. Quisque erat eros, viverra eget, congue eget, semper rutrum, nulla. Nunc purus.'),
	(7, 9, 'Fusce posuere felis sed lacus. Morbi sem mauris, laoreet ut, rhoncus aliquet, pulvinar sed, nisl. Nunc rhoncus dui vel sem.\r\n\r\nSed sagittis. Nam congue, risus semper porta volutpat, quam pede lobortis ligula, sit amet eleifend pede libero quis orci. Nullam molestie nibh in lectus.'),
	(8, 3, 'Suspendisse potenti. In eleifend quam a odio. In hac habitasse platea dictumst.\r\n\r\nMaecenas ut massa quis augue luctus tincidunt. Nulla mollis molestie lorem. Quisque ut erat.'),
	(9, 3, 'Mauris enim leo, rhoncus sed, vestibulum sit amet, cursus id, turpis. Integer aliquet, massa id lobortis convallis, tortor risus dapibus augue, vel accumsan tellus nisi eu orci. Mauris lacinia sapien quis libero.\r\n\r\nNullam sit amet turpis elementum ligula vehicula consequat. Morbi a ipsum. Integer a nibh.'),
	(10, 3, 'Cras non velit nec nisi vulputate nonummy. Maecenas tincidunt lacus at velit. Vivamus vel nulla eget eros elementum pellentesque.\r\n\r\nQuisque porta volutpat erat. Quisque erat eros, viverra eget, congue eget, semper rutrum, nulla. Nunc purus.\r\n\r\nPhasellus in felis. Donec semper sapien a libero. Nam dui.'),
	(11, 8, 'Proin interdum mauris non ligula pellentesque ultrices. Phasellus id sapien in sapien iaculis congue. Vivamus metus arcu, adipiscing molestie, hendrerit at, vulputate vitae, nisl.'),
	(12, 5, 'Morbi non lectus. Aliquam sit amet diam in magna bibendum imperdiet. Nullam orci pede, venenatis non, sodales sed, tincidunt eu, felis.\r\n\r\nFusce posuere felis sed lacus. Morbi sem mauris, laoreet ut, rhoncus aliquet, pulvinar sed, nisl. Nunc rhoncus dui vel sem.'),
	(13, 6, 'In sagittis dui vel nisl. Duis ac nibh. Fusce lacus purus, aliquet at, feugiat non, pretium quis, lectus.\r\n\r\nSuspendisse potenti. In eleifend quam a odio. In hac habitasse platea dictumst.\r\n\r\nMaecenas ut massa quis augue luctus tincidunt. Nulla mollis molestie lorem. Quisque ut erat.'),
	(14, 7, 'Aenean fermentum. Donec ut mauris eget massa tempor convallis. Nulla neque libero, convallis eget, eleifend luctus, ultricies eu, nibh.\r\n\r\nQuisque id justo sit amet sapien dignissim vestibulum. Vestibulum ante ipsum primis in faucibus orci luctus et ultrices posuere cubilia Curae; Nulla dapibus dolor vel est. Donec odio justo, sollicitudin ut, suscipit a, feugiat et, eros.\r\n\r\nVestibulum ac est lacinia nisi venenatis tristique. Fusce congue, diam id ornare imperdiet, sapien urna pretium nisl, ut volutpat sapien arcu sed augue. Aliquam erat volutpat.'),
	(15, 10, 'Curabitur gravida nisi at nibh. In hac habitasse platea dictumst. Aliquam augue quam, sollicitudin vitae, consectetuer eget, rutrum at, lorem.\r\n\r\nInteger tincidunt ante vel ipsum. Praesent blandit lacinia erat. Vestibulum sed magna at nunc commodo placerat.\r\n\r\nPraesent blandit. Nam nulla. Integer pede justo, lacinia eget, tincidunt eget, tempus vel, pede.'),
	(16, 6, 'Morbi porttitor lorem id ligula. Suspendisse ornare consequat lectus. In est risus, auctor sed, tristique in, tempus sit amet, sem.\r\n\r\nFusce consequat. Nulla nisl. Nunc nisl.\r\n\r\nDuis bibendum, felis sed interdum venenatis, turpis enim blandit mi, in porttitor pede justo eu massa. Donec dapibus. Duis at velit eu est congue elementum.'),
	(17, 10, 'Etiam vel augue. Vestibulum rutrum rutrum neque. Aenean auctor gravida sem.'),
	(18, 7, 'Aenean fermentum. Donec ut mauris eget massa tempor convallis. Nulla neque libero, convallis eget, eleifend luctus, ultricies eu, nibh.\r\n\r\nQuisque id justo sit amet sapien dignissim vestibulum. Vestibulum ante ipsum primis in faucibus orci luctus et ultrices posuere cubilia Curae; Nulla dapibus dolor vel est. Donec odio justo, sollicitudin ut, suscipit a, feugiat et, eros.\r\n\r\nVestibulum ac est lacinia nisi venenatis tristique. Fusce congue, diam id ornare imperdiet, sapien urna pretium nisl, ut volutpat sapien arcu sed augue. Aliquam erat volutpat.'),
	(19, 2, 'Sed sagittis. Nam congue, risus semper porta volutpat, quam pede lobortis ligula, sit amet eleifend pede libero quis orci. Nullam molestie nibh in lectus.\r\n\r\nPellentesque at nulla. Suspendisse potenti. Cras in purus eu magna vulputate luctus.'),
	(20, 11, 'Pellentesque at nulla. Suspendisse potenti. Cras in purus eu magna vulputate luctus.'),
	(21, 6, 'Donec diam neque, vestibulum eget, vulputate ut, ultrices vel, augue. Vestibulum ante ipsum primis in faucibus orci luctus et ultrices posuere cubilia Curae; Donec pharetra, magna vestibulum aliquet ultrices, erat tortor sollicitudin mi, sit amet lobortis sapien sapien non mi. Integer ac neque.\r\n\r\nDuis bibendum. Morbi non quam nec dui luctus rutrum. Nulla tellus.\r\n\r\nIn sagittis dui vel nisl. Duis ac nibh. Fusce lacus purus, aliquet at, feugiat non, pretium quis, lectus.'),
	(22, 3, 'Nam ultrices, libero non mattis pulvinar, nulla pede ullamcorper augue, a suscipit nulla elit ac nulla. Sed vel enim sit amet nunc viverra dapibus. Nulla suscipit ligula in lacus.'),
	(23, 10, 'Quisque porta volutpat erat. Quisque erat eros, viverra eget, congue eget, semper rutrum, nulla. Nunc purus.\r\n\r\nPhasellus in felis. Donec semper sapien a libero. Nam dui.\r\n\r\nProin leo odio, porttitor id, consequat in, consequat ut, nulla. Sed accumsan felis. Ut at dolor quis odio consequat varius.'),
	(24, 1, 'Sed sagittis. Nam congue, risus semper porta volutpat, quam pede lobortis ligula, sit amet eleifend pede libero quis orci. Nullam molestie nibh in lectus.\r\n\r\nPellentesque at nulla. Suspendisse potenti. Cras in purus eu magna vulputate luctus.'),
	(25, 9, 'Phasellus sit amet erat. Nulla tempus. Vivamus in felis eu sapien cursus vestibulum.\r\n\r\nProin eu mi. Nulla ac enim. In tempor, turpis nec euismod scelerisque, quam turpis adipiscing lorem, vitae mattis nibh ligula nec sem.'),
	(26, 3, 'Mauris enim leo, rhoncus sed, vestibulum sit amet, cursus id, turpis. Integer aliquet, massa id lobortis convallis, tortor risus dapibus augue, vel accumsan tellus nisi eu orci. Mauris lacinia sapien quis libero.\r\n\r\nNullam sit amet turpis elementum ligula vehicula consequat. Morbi a ipsum. Integer a nibh.\r\n\r\nIn quis justo. Maecenas rhoncus aliquam lacus. Morbi quis tortor id nulla ultrices aliquet.'),
	(27, 11, 'Sed ante. Vivamus tortor. Duis mattis egestas metus.\r\n\r\nAenean fermentum. Donec ut mauris eget massa tempor convallis. Nulla neque libero, convallis eget, eleifend luctus, ultricies eu, nibh.\r\n\r\nQuisque id justo sit amet sapien dignissim vestibulum. Vestibulum ante ipsum primis in faucibus orci luctus et ultrices posuere cubilia Curae; Nulla dapibus dolor vel est. Donec odio justo, sollicitudin ut, suscipit a, feugiat et, eros.'),
	(28, 8, 'Vestibulum ac est lacinia nisi venenatis tristique. Fusce congue, diam id ornare imperdiet, sapien urna pretium nisl, ut volutpat sapien arcu sed augue. Aliquam erat volutpat.'),
	(29, 2, 'In quis justo. Maecenas rhoncus aliquam lacus. Morbi quis tortor id nulla ultrices aliquet.\r\n\r\nMaecenas leo odio, condimentum id, luctus nec, molestie sed, justo. Pellentesque viverra pede ac diam. Cras pellentesque volutpat dui.\r\n\r\nMaecenas tristique, est et tempus semper, est quam pharetra magna, ac consequat metus sapien ut nunc. Vestibulum ante ipsum primis in faucibus orci luctus et ultrices posuere cubilia Curae; Mauris viverra diam vitae quam. Suspendisse potenti.'),
	(30, 3, 'Donec diam neque, vestibulum eget, vulputate ut, ultrices vel, augue. Vestibulum ante ipsum primis in faucibus orci luctus et ultrices posuere cubilia Curae; Donec pharetra, magna vestibulum aliquet ultrices, erat tortor sollicitudin mi, sit amet lobortis sapien sapien non mi. Integer ac neque.\r\n\r\nDuis bibendum. Morbi non quam nec dui luctus rutrum. Nulla tellus.'),
	(31, 2, 'Sed sagittis. Nam congue, risus semper porta volutpat, quam pede lobortis ligula, sit amet eleifend pede libero quis orci. Nullam molestie nibh in lectus.\r\n\r\nPellentesque at nulla. Suspendisse potenti. Cras in purus eu magna vulputate luctus.'),
	(32, 3, 'Fusce posuere felis sed lacus. Morbi sem mauris, laoreet ut, rhoncus aliquet, pulvinar sed, nisl. Nunc rhoncus dui vel sem.\r\n\r\nSed sagittis. Nam congue, risus semper porta volutpat, quam pede lobortis ligula, sit amet eleifend pede libero quis orci. Nullam molestie nibh in lectus.'),
	(33, 2, 'Fusce posuere felis sed lacus. Morbi sem mauris, laoreet ut, rhoncus aliquet, pulvinar sed, nisl. Nunc rhoncus dui vel sem.\r\n\r\nSed sagittis. Nam congue, risus semper porta volutpat, quam pede lobortis ligula, sit amet eleifend pede libero quis orci. Nullam molestie nibh in lectus.\r\n\r\nPellentesque at nulla. Suspendisse potenti. Cras in purus eu magna vulputate luctus.'),
	(34, 10, 'Proin interdum mauris non ligula pellentesque ultrices. Phasellus id sapien in sapien iaculis congue. Vivamus metus arcu, adipiscing molestie, hendrerit at, vulputate vitae, nisl.\r\n\r\nAenean lectus. Pellentesque eget nunc. Donec quis orci eget orci vehicula condimentum.'),
	(35, 7, 'Proin eu mi. Nulla ac enim. In tempor, turpis nec euismod scelerisque, quam turpis adipiscing lorem, vitae mattis nibh ligula nec sem.\r\n\r\nDuis aliquam convallis nunc. Proin at turpis a pede posuere nonummy. Integer non velit.\r\n\r\nDonec diam neque, vestibulum eget, vulputate ut, ultrices vel, augue. Vestibulum ante ipsum primis in faucibus orci luctus et ultrices posuere cubilia Curae; Donec pharetra, magna vestibulum aliquet ultrices, erat tortor sollicitudin mi, sit amet lobortis sapien sapien non mi. Integer ac neque.'),
	(36, 1, 'Cum sociis natoque penatibus et magnis dis parturient montes, nascetur ridiculus mus. Vivamus vestibulum sagittis sapien. Cum sociis natoque penatibus et magnis dis parturient montes, nascetur ridiculus mus.\r\n\r\nEtiam vel augue. Vestibulum rutrum rutrum neque. Aenean auctor gravida sem.'),
	(37, 8, 'Maecenas tristique, est et tempus semper, est quam pharetra magna, ac consequat metus sapien ut nunc. Vestibulum ante ipsum primis in faucibus orci luctus et ultrices posuere cubilia Curae; Mauris viverra diam vitae quam. Suspendisse potenti.'),
	(38, 4, 'In hac habitasse platea dictumst. Morbi vestibulum, velit id pretium iaculis, diam erat fermentum justo, nec condimentum neque sapien placerat ante. Nulla justo.\r\n\r\nAliquam quis turpis eget elit sodales scelerisque. Mauris sit amet eros. Suspendisse accumsan tortor quis turpis.\r\n\r\nSed ante. Vivamus tortor. Duis mattis egestas metus.'),
	(39, 8, 'In hac habitasse platea dictumst. Etiam faucibus cursus urna. Ut tellus.\r\n\r\nNulla ut erat id mauris vulputate elementum. Nullam varius. Nulla facilisi.'),
	(40, 6, 'Nulla ut erat id mauris vulputate elementum. Nullam varius. Nulla facilisi.'),
	(41, 6, 'Donec diam neque, vestibulum eget, vulputate ut, ultrices vel, augue. Vestibulum ante ipsum primis in faucibus orci luctus et ultrices posuere cubilia Curae; Donec pharetra, magna vestibulum aliquet ultrices, erat tortor sollicitudin mi, sit amet lobortis sapien sapien non mi. Integer ac neque.'),
	(42, 3, 'Etiam vel augue. Vestibulum rutrum rutrum neque. Aenean auctor gravida sem.\r\n\r\nPraesent id massa id nisl venenatis lacinia. Aenean sit amet justo. Morbi ut odio.'),
	(43, 5, 'Suspendisse potenti. In eleifend quam a odio. In hac habitasse platea dictumst.\r\n\r\nMaecenas ut massa quis augue luctus tincidunt. Nulla mollis molestie lorem. Quisque ut erat.\r\n\r\nCurabitur gravida nisi at nibh. In hac habitasse platea dictumst. Aliquam augue quam, sollicitudin vitae, consectetuer eget, rutrum at, lorem.'),
	(44, 1, 'Praesent blandit. Nam nulla. Integer pede justo, lacinia eget, tincidunt eget, tempus vel, pede.'),
	(45, 1, 'Duis consequat dui nec nisi volutpat eleifend. Donec ut dolor. Morbi vel lectus in quam fringilla rhoncus.\r\n\r\nMauris enim leo, rhoncus sed, vestibulum sit amet, cursus id, turpis. Integer aliquet, massa id lobortis convallis, tortor risus dapibus augue, vel accumsan tellus nisi eu orci. Mauris lacinia sapien quis libero.\r\n\r\nNullam sit amet turpis elementum ligula vehicula consequat. Morbi a ipsum. Integer a nibh.'),
	(46, 7, 'In congue. Etiam justo. Etiam pretium iaculis justo.\r\n\r\nIn hac habitasse platea dictumst. Etiam faucibus cursus urna. Ut tellus.'),
	(47, 2, 'Donec diam neque, vestibulum eget, vulputate ut, ultrices vel, augue. Vestibulum ante ipsum primis in faucibus orci luctus et ultrices posuere cubilia Curae; Donec pharetra, magna vestibulum aliquet ultrices, erat tortor sollicitudin mi, sit amet lobortis sapien sapien non mi. Integer ac neque.'),
	(48, 2, 'Duis bibendum. Morbi non quam nec dui luctus rutrum. Nulla tellus.\r\n\r\nIn sagittis dui vel nisl. Duis ac nibh. Fusce lacus purus, aliquet at, feugiat non, pretium quis, lectus.'),
	(49, 11, 'Quisque porta volutpat erat. Quisque erat eros, viverra eget, congue eget, semper rutrum, nulla. Nunc purus.'),
	(50, 10, 'Fusce consequat. Nulla nisl. Nunc nisl.'),
	(51, 4, 'Etiam vel augue. Vestibulum rutrum rutrum neque. Aenean auctor gravida sem.'),
	(52, 2, 'Cum sociis natoque penatibus et magnis dis parturient montes, nascetur ridiculus mus. Vivamus vestibulum sagittis sapien. Cum sociis natoque penatibus et magnis dis parturient montes, nascetur ridiculus mus.\r\n\r\nEtiam vel augue. Vestibulum rutrum rutrum neque. Aenean auctor gravida sem.'),
	(53, 4, 'Praesent id massa id nisl venenatis lacinia. Aenean sit amet justo. Morbi ut odio.\r\n\r\nCras mi pede, malesuada in, imperdiet et, commodo vulputate, justo. In blandit ultrices enim. Lorem ipsum dolor sit amet, consectetuer adipiscing elit.'),
	(54, 10, 'Morbi porttitor lorem id ligula. Suspendisse ornare consequat lectus. In est risus, auctor sed, tristique in, tempus sit amet, sem.\r\n\r\nFusce consequat. Nulla nisl. Nunc nisl.'),
	(55, 4, 'Sed ante. Vivamus tortor. Duis mattis egestas metus.\r\n\r\nAenean fermentum. Donec ut mauris eget massa tempor convallis. Nulla neque libero, convallis eget, eleifend luctus, ultricies eu, nibh.'),
	(56, 1, 'Curabitur at ipsum ac tellus semper interdum. Mauris ullamcorper purus sit amet nulla. Quisque arcu libero, rutrum ac, lobortis vel, dapibus at, diam.'),
	(57, 10, 'Duis bibendum, felis sed interdum venenatis, turpis enim blandit mi, in porttitor pede justo eu massa. Donec dapibus. Duis at velit eu est congue elementum.\r\n\r\nIn hac habitasse platea dictumst. Morbi vestibulum, velit id pretium iaculis, diam erat fermentum justo, nec condimentum neque sapien placerat ante. Nulla justo.'),
	(58, 7, 'Fusce posuere felis sed lacus. Morbi sem mauris, laoreet ut, rhoncus aliquet, pulvinar sed, nisl. Nunc rhoncus dui vel sem.'),
	(59, 3, 'Maecenas ut massa quis augue luctus tincidunt. Nulla mollis molestie lorem. Quisque ut erat.\r\n\r\nCurabitur gravida nisi at nibh. In hac habitasse platea dictumst. Aliquam augue quam, sollicitudin vitae, consectetuer eget, rutrum at, lorem.\r\n\r\nInteger tincidunt ante vel ipsum. Praesent blandit lacinia erat. Vestibulum sed magna at nunc commodo placerat.'),
	(60, 5, 'Curabitur in libero ut massa volutpat convallis. Morbi odio odio, elementum eu, interdum eu, tincidunt in, leo. Maecenas pulvinar lobortis est.\r\n\r\nPhasellus sit amet erat. Nulla tempus. Vivamus in felis eu sapien cursus vestibulum.'),
	(61, 3, 'Fusce consequat. Nulla nisl. Nunc nisl.\r\n\r\nDuis bibendum, felis sed interdum venenatis, turpis enim blandit mi, in porttitor pede justo eu massa. Donec dapibus. Duis at velit eu est congue elementum.\r\n\r\nIn hac habitasse platea dictumst. Morbi vestibulum, velit id pretium iaculis, diam erat fermentum justo, nec condimentum neque sapien placerat ante. Nulla justo.'),
	(62, 8, 'In congue. Etiam justo. Etiam pretium iaculis justo.'),
	(63, 9, 'Nullam sit amet turpis elementum ligula vehicula consequat. Morbi a ipsum. Integer a nibh.\r\n\r\nIn quis justo. Maecenas rhoncus aliquam lacus. Morbi quis tortor id nulla ultrices aliquet.\r\n\r\nMaecenas leo odio, condimentum id, luctus nec, molestie sed, justo. Pellentesque viverra pede ac diam. Cras pellentesque volutpat dui.'),
	(64, 6, 'In hac habitasse platea dictumst. Etiam faucibus cursus urna. Ut tellus.'),
	(65, 1, 'Maecenas ut massa quis augue luctus tincidunt. Nulla mollis molestie lorem. Quisque ut erat.\r\n\r\nCurabitur gravida nisi at nibh. In hac habitasse platea dictumst. Aliquam augue quam, sollicitudin vitae, consectetuer eget, rutrum at, lorem.\r\n\r\nInteger tincidunt ante vel ipsum. Praesent blandit lacinia erat. Vestibulum sed magna at nunc commodo placerat.'),
	(66, 9, 'Duis bibendum. Morbi non quam nec dui luctus rutrum. Nulla tellus.\r\n\r\nIn sagittis dui vel nisl. Duis ac nibh. Fusce lacus purus, aliquet at, feugiat non, pretium quis, lectus.'),
	(67, 1, 'In hac habitasse platea dictumst. Morbi vestibulum, velit id pretium iaculis, diam erat fermentum justo, nec condimentum neque sapien placerat ante. Nulla justo.\r\n\r\nAliquam quis turpis eget elit sodales scelerisque. Mauris sit amet eros. Suspendisse accumsan tortor quis turpis.'),
	(68, 11, 'Proin leo odio, porttitor id, consequat in, consequat ut, nulla. Sed accumsan felis. Ut at dolor quis odio consequat varius.\r\n\r\nInteger ac leo. Pellentesque ultrices mattis odio. Donec vitae nisi.\r\n\r\nNam ultrices, libero non mattis pulvinar, nulla pede ullamcorper augue, a suscipit nulla elit ac nulla. Sed vel enim sit amet nunc viverra dapibus. Nulla suscipit ligula in lacus.'),
	(69, 3, 'Duis aliquam convallis nunc. Proin at turpis a pede posuere nonummy. Integer non velit.'),
	(70, 1, 'Pellentesque at nulla. Suspendisse potenti. Cras in purus eu magna vulputate luctus.\r\n\r\nCum sociis natoque penatibus et magnis dis parturient montes, nascetur ridiculus mus. Vivamus vestibulum sagittis sapien. Cum sociis natoque penatibus et magnis dis parturient montes, nascetur ridiculus mus.'),
	(71, 1, 'Fusce consequat. Nulla nisl. Nunc nisl.\r\n\r\nDuis bibendum, felis sed interdum venenatis, turpis enim blandit mi, in porttitor pede justo eu massa. Donec dapibus. Duis at velit eu est congue elementum.'),
	(72, 4, 'Quisque porta volutpat erat. Quisque erat eros, viverra eget, congue eget, semper rutrum, nulla. Nunc purus.'),
	(73, 9, 'Quisque porta volutpat erat. Quisque erat eros, viverra eget, congue eget, semper rutrum, nulla. Nunc purus.\r\n\r\nPhasellus in felis. Donec semper sapien a libero. Nam dui.\r\n\r\nProin leo odio, porttitor id, consequat in, consequat ut, nulla. Sed accumsan felis. Ut at dolor quis odio consequat varius.'),
	(74, 10, 'Aenean lectus. Pellentesque eget nunc. Donec quis orci eget orci vehicula condimentum.\r\n\r\nCurabitur in libero ut massa volutpat convallis. Morbi odio odio, elementum eu, interdum eu, tincidunt in, leo. Maecenas pulvinar lobortis est.'),
	(75, 1, 'Proin eu mi. Nulla ac enim. In tempor, turpis nec euismod scelerisque, quam turpis adipiscing lorem, vitae mattis nibh ligula nec sem.'),
	(76, 2, 'Vestibulum quam sapien, varius ut, blandit non, interdum in, ante. Vestibulum ante ipsum primis in faucibus orci luctus et ultrices posuere cubilia Curae; Duis faucibus accumsan odio. Curabitur convallis.\r\n\r\nDuis consequat dui nec nisi volutpat eleifend. Donec ut dolor. Morbi vel lectus in quam fringilla rhoncus.\r\n\r\nMauris enim leo, rhoncus sed, vestibulum sit amet, cursus id, turpis. Integer aliquet, massa id lobortis convallis, tortor risus dapibus augue, vel accumsan tellus nisi eu orci. Mauris lacinia sapien quis libero.'),
	(77, 7, 'Curabitur gravida nisi at nibh. In hac habitasse platea dictumst. Aliquam augue quam, sollicitudin vitae, consectetuer eget, rutrum at, lorem.\r\n\r\nInteger tincidunt ante vel ipsum. Praesent blandit lacinia erat. Vestibulum sed magna at nunc commodo placerat.\r\n\r\nPraesent blandit. Nam nulla. Integer pede justo, lacinia eget, tincidunt eget, tempus vel, pede.'),
	(78, 1, 'Maecenas tristique, est et tempus semper, est quam pharetra magna, ac consequat metus sapien ut nunc. Vestibulum ante ipsum primis in faucibus orci luctus et ultrices posuere cubilia Curae; Mauris viverra diam vitae quam. Suspendisse potenti.\r\n\r\nNullam porttitor lacus at turpis. Donec posuere metus vitae ipsum. Aliquam non mauris.'),
	(79, 5, 'In hac habitasse platea dictumst. Etiam faucibus cursus urna. Ut tellus.\r\n\r\nNulla ut erat id mauris vulputate elementum. Nullam varius. Nulla facilisi.'),
	(80, 1, 'Proin interdum mauris non ligula pellentesque ultrices. Phasellus id sapien in sapien iaculis congue. Vivamus metus arcu, adipiscing molestie, hendrerit at, vulputate vitae, nisl.'),
	(81, 4, 'Quisque id justo sit amet sapien dignissim vestibulum. Vestibulum ante ipsum primis in faucibus orci luctus et ultrices posuere cubilia Curae; Nulla dapibus dolor vel est. Donec odio justo, sollicitudin ut, suscipit a, feugiat et, eros.\r\n\r\nVestibulum ac est lacinia nisi venenatis tristique. Fusce congue, diam id ornare imperdiet, sapien urna pretium nisl, ut volutpat sapien arcu sed augue. Aliquam erat volutpat.\r\n\r\nIn congue. Etiam justo. Etiam pretium iaculis justo.'),
	(82, 8, 'Proin interdum mauris non ligula pellentesque ultrices. Phasellus id sapien in sapien iaculis congue. Vivamus metus arcu, adipiscing molestie, hendrerit at, vulputate vitae, nisl.'),
	(83, 5, 'Quisque porta volutpat erat. Quisque erat eros, viverra eget, congue eget, semper rutrum, nulla. Nunc purus.\r\n\r\nPhasellus in felis. Donec semper sapien a libero. Nam dui.\r\n\r\nProin leo odio, porttitor id, consequat in, consequat ut, nulla. Sed accumsan felis. Ut at dolor quis odio consequat varius.'),
	(84, 10, 'In congue. Etiam justo. Etiam pretium iaculis justo.'),
	(85, 2, 'Maecenas ut massa quis augue luctus tincidunt. Nulla mollis molestie lorem. Quisque ut erat.\r\n\r\nCurabitur gravida nisi at nibh. In hac habitasse platea dictumst. Aliquam augue quam, sollicitudin vitae, consectetuer eget, rutrum at, lorem.\r\n\r\nInteger tincidunt ante vel ipsum. Praesent blandit lacinia erat. Vestibulum sed magna at nunc commodo placerat.'),
	(86, 2, 'Phasellus sit amet erat. Nulla tempus. Vivamus in felis eu sapien cursus vestibulum.\r\n\r\nProin eu mi. Nulla ac enim. In tempor, turpis nec euismod scelerisque, quam turpis adipiscing lorem, vitae mattis nibh ligula nec sem.'),
	(87, 7, 'Proin leo odio, porttitor id, consequat in, consequat ut, nulla. Sed accumsan felis. Ut at dolor quis odio consequat varius.\r\n\r\nInteger ac leo. Pellentesque ultrices mattis odio. Donec vitae nisi.'),
	(88, 11, 'Curabitur gravida nisi at nibh. In hac habitasse platea dictumst. Aliquam augue quam, sollicitudin vitae, consectetuer eget, rutrum at, lorem.\r\n\r\nInteger tincidunt ante vel ipsum. Praesent blandit lacinia erat. Vestibulum sed magna at nunc commodo placerat.\r\n\r\nPraesent blandit. Nam nulla. Integer pede justo, lacinia eget, tincidunt eget, tempus vel, pede.'),
	(89, 1, 'In quis justo. Maecenas rhoncus aliquam lacus. Morbi quis tortor id nulla ultrices aliquet.'),
	(90, 8, 'Sed ante. Vivamus tortor. Duis mattis egestas metus.\r\n\r\nAenean fermentum. Donec ut mauris eget massa tempor convallis. Nulla neque libero, convallis eget, eleifend luctus, ultricies eu, nibh.\r\n\r\nQuisque id justo sit amet sapien dignissim vestibulum. Vestibulum ante ipsum primis in faucibus orci luctus et ultrices posuere cubilia Curae; Nulla dapibus dolor vel est. Donec odio justo, sollicitudin ut, suscipit a, feugiat et, eros.'),
	(91, 3, 'Maecenas ut massa quis augue luctus tincidunt. Nulla mollis molestie lorem. Quisque ut erat.'),
	(92, 6, 'Duis bibendum. Morbi non quam nec dui luctus rutrum. Nulla tellus.\r\n\r\nIn sagittis dui vel nisl. Duis ac nibh. Fusce lacus purus, aliquet at, feugiat non, pretium quis, lectus.\r\n\r\nSuspendisse potenti. In eleifend quam a odio. In hac habitasse platea dictumst.'),
	(93, 6, 'Suspendisse potenti. In eleifend quam a odio. In hac habitasse platea dictumst.\r\n\r\nMaecenas ut massa quis augue luctus tincidunt. Nulla mollis molestie lorem. Quisque ut erat.\r\n\r\nCurabitur gravida nisi at nibh. In hac habitasse platea dictumst. Aliquam augue quam, sollicitudin vitae, consectetuer eget, rutrum at, lorem.'),
	(94, 9, 'Nam ultrices, libero non mattis pulvinar, nulla pede ullamcorper augue, a suscipit nulla elit ac nulla. Sed vel enim sit amet nunc viverra dapibus. Nulla suscipit ligula in lacus.\r\n\r\nCurabitur at ipsum ac tellus semper interdum. Mauris ullamcorper purus sit amet nulla. Quisque arcu libero, rutrum ac, lobortis vel, dapibus at, diam.'),
	(95, 5, 'In hac habitasse platea dictumst. Etiam faucibus cursus urna. Ut tellus.'),
	(96, 11, 'Maecenas tristique, est et tempus semper, est quam pharetra magna, ac consequat metus sapien ut nunc. Vestibulum ante ipsum primis in faucibus orci luctus et ultrices posuere cubilia Curae; Mauris viverra diam vitae quam. Suspendisse potenti.'),
	(97, 2, 'In congue. Etiam justo. Etiam pretium iaculis justo.'),
	(98, 7, 'Quisque porta volutpat erat. Quisque erat eros, viverra eget, congue eget, semper rutrum, nulla. Nunc purus.\r\n\r\nPhasellus in felis. Donec semper sapien a libero. Nam dui.\r\n\r\nProin leo odio, porttitor id, consequat in, consequat ut, nulla. Sed accumsan felis. Ut at dolor quis odio consequat varius.'),
	(99, 3, 'Praesent id massa id nisl venenatis lacinia. Aenean sit amet justo. Morbi ut odio.\r\n\r\nCras mi pede, malesuada in, imperdiet et, commodo vulputate, justo. In blandit ultrices enim. Lorem ipsum dolor sit amet, consectetuer adipiscing elit.'),
	(100, 6, 'Proin interdum mauris non ligula pellentesque ultrices. Phasellus id sapien in sapien iaculis congue. Vivamus metus arcu, adipiscing molestie, hendrerit at, vulputate vitae, nisl.\r\n\r\nAenean lectus. Pellentesque eget nunc. Donec quis orci eget orci vehicula condimentum.');

-- Dumping structure for table culturify.users
CREATE TABLE IF NOT EXISTS `users` (
  `id` bigint(20) unsigned NOT NULL AUTO_INCREMENT,
  `first_name` varchar(255) NOT NULL,
  `last_name` varchar(255) NOT NULL,
  `description` text NOT NULL,
  `image` varchar(50) DEFAULT NULL,
  `email` varchar(255) NOT NULL,
  `password` varchar(255) NOT NULL,
  `ig_user` varchar(255) DEFAULT NULL,
  `tw_user` varchar(255) DEFAULT NULL,
  PRIMARY KEY (`id`)
) ENGINE=InnoDB AUTO_INCREMENT=12 DEFAULT CHARSET=utf8mb4 COLLATE=utf8mb4_general_ci;

-- Dumping data for table culturify.users: ~11 rows (approximately)
INSERT INTO `users` (`id`, `first_name`, `last_name`, `description`, `image`, `email`, `password`, `ig_user`, `tw_user`) VALUES
	(1, 'Prinz', 'Oxton', 'Integer pede justo, lacinia eget, tincidunt eget, tempus vel, pede. Morbi porttitor lorem id ligula. Suspendisse ornare consequat lectus. In est risus, auctor sed, tristique in, tempus sit amet, sem. Fusce consequat. Nulla nisl.', NULL, 'poxton0@ed.gov', 'pm8osqEge', 'poxton0', 'poxton0'),
	(2, 'Rube', 'Whitloe', 'Proin interdum mauris non ligula pellentesque ultrices. Phasellus id sapien in sapien iaculis congue. Vivamus metus arcu, adipiscing molestie, hendrerit at, vulputate vitae, nisl. Aenean lectus. Pellentesque eget nunc. Donec quis orci eget orci vehicula condimentum.', NULL, 'rwhitloe1@naver.com', '5euESagcVhb', 'rwhitloe1', 'rwhitloe1'),
	(3, 'Barnaby', 'Tarquini', 'Nullam molestie nibh in lectus. Pellentesque at nulla. Suspendisse potenti. Cras in purus eu magna vulputate luctus. Cum sociis natoque penatibus et magnis dis parturient montes, nascetur ridiculus mus.', NULL, 'btarquini2@oaic.gov.au', 'xeVqGmnACOL', 'btarquini2', 'btarquini2'),
	(4, 'Mayor', 'Ebbrell', 'Aliquam erat volutpat. In congue. Etiam justo. Etiam pretium iaculis justo. In hac habitasse platea dictumst. Etiam faucibus cursus urna. Ut tellus.', NULL, 'mebbrell3@whitehouse.gov', 'm5QasQrScf', 'mebbrell3', 'mebbrell3'),
	(5, 'Ina', 'Toffalo', 'Duis mattis egestas metus.', NULL, 'itoffalo4@jugem.jp', 'ylJEnMwQv4', 'itoffalo4', 'itoffalo4'),
	(6, 'Ruthanne', 'Manston', 'Cum sociis natoque penatibus et magnis dis parturient montes, nascetur ridiculus mus. Vivamus vestibulum sagittis sapien. Cum sociis natoque penatibus et magnis dis parturient montes, nascetur ridiculus mus. Etiam vel augue. Vestibulum rutrum rutrum neque. Aenean auctor gravida sem. Praesent id massa id nisl venenatis lacinia. Aenean sit amet justo. Morbi ut odio. Cras mi pede, malesuada in, imperdiet et, commodo vulputate, justo.', NULL, 'rmanston5@unicef.org', 'xignElCl', 'rmanston5', 'rmanston5'),
	(7, 'Deonne', 'Hutson', 'Fusce posuere felis sed lacus. Morbi sem mauris, laoreet ut, rhoncus aliquet, pulvinar sed, nisl.', NULL, 'dhutson6@jugem.jp', 'eupAH5MT', 'dhutson6', 'dhutson6'),
	(8, 'Homere', 'Kendall', 'Lorem ipsum dolor sit amet, consectetuer adipiscing elit. Proin risus. Praesent lectus. Vestibulum quam sapien, varius ut, blandit non, interdum in, ante. Vestibulum ante ipsum primis in faucibus orci luctus et ultrices posuere cubilia Curae; Duis faucibus accumsan odio. Curabitur convallis. Duis consequat dui nec nisi volutpat eleifend. Donec ut dolor.', NULL, 'hkendall7@squarespace.com', 'V1ECz1aV', 'hkendall7', 'hkendall7'),
	(9, 'Fidel', 'Lopes', 'Integer pede justo, lacinia eget, tincidunt eget, tempus vel, pede. Morbi porttitor lorem id ligula. Suspendisse ornare consequat lectus. In est risus, auctor sed, tristique in, tempus sit amet, sem. Fusce consequat.', NULL, 'flopes8@nps.gov', 'bKB2EIw', 'flopes8', 'flopes8'),
	(10, 'Davy', 'Brittin', 'Nulla justo. Aliquam quis turpis eget elit sodales scelerisque. Mauris sit amet eros. Suspendisse accumsan tortor quis turpis. Sed ante. Vivamus tortor. Duis mattis egestas metus.', NULL, 'dbrittin9@dailymotion.com', '6FwcrkXtfD', 'dbrittin9', 'dbrittin9'),
	(11, 'Holden', 'Scripps', 'In hac habitasse platea dictumst. Morbi vestibulum, velit id pretium iaculis, diam erat fermentum justo, nec condimentum neque sapien placerat ante. Nulla justo. Aliquam quis turpis eget elit sodales scelerisque. Mauris sit amet eros. Suspendisse accumsan tortor quis turpis. Sed ante. Vivamus tortor. Duis mattis egestas metus. Aenean fermentum.', NULL, 'hscrippsa@wiley.com', 'sB7YPghknPKf', 'hscrippsa', 'hscrippsa');

/*!40103 SET TIME_ZONE=IFNULL(@OLD_TIME_ZONE, 'system') */;
/*!40101 SET SQL_MODE=IFNULL(@OLD_SQL_MODE, '') */;
/*!40014 SET FOREIGN_KEY_CHECKS=IFNULL(@OLD_FOREIGN_KEY_CHECKS, 1) */;
/*!40101 SET CHARACTER_SET_CLIENT=@OLD_CHARACTER_SET_CLIENT */;
/*!40111 SET SQL_NOTES=IFNULL(@OLD_SQL_NOTES, 1) */;
